"id","name","image","modified","updated_by_id","listened_count"
"31","А-Студио","images/artists/image_n1LlbKL.jpg","11/9/2023 15:14:53.-1f+00","1","0"
"32","Март Бабаян","images/artists/image_xiA5BmO.jpg","22/8/2023 07:22:10.-1f+00","1","0"
"33","Роксана Бабаян","images/artists/image_1g6ZZQZ.jpg","22/8/2023 07:23:53.-1f+00","1","0"
"34","Надежда Бабкина","images/artists/image_BTNIMjz.jpg","21/9/2023 09:12:08.-1f+00","1","0"
"8","Jah Khalib","images/artists/image_VblYE0x.jpg","19/8/2023 06:38:02.-1f+00","1","0"
"35","Андрей Бандера","images/artists/image_oQ00vod.jpg","14/9/2023 07:21:52.-1f+00","1","0"
"9","Artik & Asti","images/artists/image_NuW9rMg.jpg","19/8/2023 07:14:59.-1f+00","1","0"
"10","#2Маши","images/artists/image_c4SgOKO.jpg","20/8/2023 07:22:47.-1f+00","1","0"
"11","5sta Family","images/artists/image_iFtblgS.jpg","22/8/2023 06:11:37.-1f+00","1","0"
"36","Николай Басков","images/artists/image_OhYYCGI.jpg","22/8/2023 07:29:25.-1f+00","1","0"
"12","Bahh Tee","images/artists/image_dZzRtb1.jpg","23/11/2023 04:37:26.-1f+00","1","0"
"13","Burito","images/artists/image_VnWzcLd.jpg","22/8/2023 06:18:23.-1f+00","1","0"
"14","Dabro","images/artists/image_zwm8JYs.jpeg","21/12/2023 05:42:32.-1f+00","22","0"
"15","Feduk","images/artists/image_9DrCi1e.jpg","23/11/2023 04:34:09.-1f+00","1","0"
"16","Hi-Fi","images/artists/image_r2S3QtL.jpg","23/11/2023 05:04:00.-1f+00","1","0"
"37","Баста","images/artists/image_TRa6CcB.jpg","23/11/2023 05:08:54.-1f+00","1","0"
"38","Дима Билан","images/artists/image_W9db7xN.jpg","24/9/2023 06:55:43.-1f+00","1","0"
"17","SHIR","images/artists/image_90is0Up.jpg","23/11/2023 05:23:34.-1f+00","1","0"
"18","Therr Maitz","images/artists/image_bLUsNQx.jpg","23/11/2023 05:28:31.-1f+00","1","0"
"19","T-Killah","images/artists/image_qeKDhey.jpg","23/11/2023 05:31:13.-1f+00","1","0"
"20","Uma2rman","images/artists/image_6HGql7K.jpeg","9/12/2023 09:13:25.-1f+00","1","0"
"21","Авраам Руссо","images/artists/image_qHznl0T.jpg","23/11/2023 05:36:59.-1f+00","1","0"
"22","Emin","images/artists/screen-1.jpg","9/1/2024 06:18:12.-1f+00","1","0"
"23","Леонид Агутин","images/artists/image_WvpxJJe.jpeg","22/9/2023 08:06:17.-1f+00","1","0"
"24","Адалят Шукюров","images/artists/image_sR09dHw.jpg","23/11/2023 05:58:56.-1f+00","1","0"
"25","IOWA","images/artists/image_mFZlTMc.jpg","23/11/2023 06:02:56.-1f+00","1","0"
"26","Ирина Аллегрова","images/artists/image_k3MuoCg.jpg","27/11/2023 08:54:38.-1f+00","1","0"
"27","Алсу","images/artists/image_59lLDYk.jpg","14/9/2023 08:13:27.-1f+00","1","0"
"28","Ани Лорак","images/artists/image_yj3QExO.jpg","1/9/2023 08:56:04.-1f+00","1","0"
"29","Ольга Арефьева","images/artists/image_eThKGPS.jpg","20/9/2023 07:57:29.-1f+00","1","0"
"30","Арсен Шахунц","images/artists/image_lp1hfyv.jpg","23/11/2023 06:07:13.-1f+00","1","0"
"39","Бока","images/artists/image_m8FxUSh.jpg","23/11/2023 06:27:38.-1f+00","1","0"
"40","Борис Гребенщиков","images/artists/image_lFSxb4h.jpg","23/11/2023 06:31:32.-1f+00","1","0"
"41","Михаил Боярский","images/artists/image_8LouoAP.jpg","22/9/2023 04:51:30.-1f+00","1","0"
"42","Братья Шахунц","images/artists/image_dMXWWqs.jpg","23/11/2023 06:34:41.-1f+00","1","0"
"43","Нани Брегвадзе","images/artists/image_6FlOVAm.jpg","21/9/2023 08:35:55.-1f+00","1","0"
"44","Вера Брежнева","images/artists/image_qstQCX5.jpg","22/8/2023 07:45:36.-1f+00","1","0"
"46","Михаил Бублик","images/artists/image_EuYg31T.jpg","21/9/2023 11:49:52.-1f+00","1","0"
"47","Методие Бужор","images/artists/image_FL9xUyX.jpg","23/11/2023 10:33:56.-1f+00","1","0"
"48","Ольга Бузова","images/artists/image_LOVtHT0.jpg","22/8/2023 08:02:09.-1f+00","1","0"
"49","Александр Буйнов","images/artists/image_jaAxG7O.jpg","23/11/2023 10:38:44.-1f+00","1","0"
"50","Бурановские бабушки","images/artists/image_frn974g.jpg","23/11/2023 10:53:53.-1f+00","1","0"
"51","Интарс Бусулис","images/artists/image_RBeyDq2.jpg","23/11/2023 10:56:30.-1f+00","1","0"
"52","Игорь Бутман","images/artists/image_FwoGwwV.jpg","23/11/2023 10:59:43.-1f+00","1","0"
"53","Вячеслав Бутусов","images/artists/image_WIhdZU4.jpg","23/11/2023 11:04:53.-1f+00","1","0"
"54","Бьянка","images/artists/image_UDQ58u7.jpg","23/11/2023 11:08:58.-1f+00","1","0"
"55","Ваграм Вазян","images/artists/image_0xkEc9N.jpg","23/11/2023 11:10:27.-1f+00","1","0"
"56","Лайма Вайкуле","images/artists/image_2p0iMz9.jpg","23/11/2023 11:12:28.-1f+00","1","0"
"57","Валерия","images/artists/image_DpVMTJW.jpg","28/9/2023 05:08:39.-1f+00","1","0"
"58","ANIVAR","images/artists/image_kR8WZQN.jpg","22/8/2023 09:29:29.-1f+00","1","0"
"59","Анжелика Варум","images/artists/image_gbyq2uF.jpg","12/9/2023 09:13:57.-1f+00","1","0"
"60","Маша Вебер","images/artists/image_F1Nwsf2.jpg","23/11/2023 11:14:42.-1f+00","1","0"
"61","Верка Сердючка","images/artists/image_JhYrOSr.jpg","23/11/2023 11:25:08.-1f+00","1","0"
"62","Наталья Ветлицкая","images/artists/image_k8oJaJQ.jpg","20/9/2023 11:59:56.-1f+00","1","0"
"63","Виктория Пьер-Мари","images/artists/image_n9wim8j.jpg","22/8/2023 11:40:21.-1f+00","1","0"
"64","Витас","images/artists/image_74ymi6e.jpg","26/9/2023 10:57:09.-1f+00","1","0"
"65","Наталия Власова","images/artists/image_en2cKuw.jpg","21/9/2023 06:25:51.-1f+00","1","0"
"66","Алексей Воробьёв","images/artists/image_J7IJPfb.jpg","22/8/2023 11:49:11.-1f+00","1","0"
"67","Полина Гагарина","images/artists/image_0nRqxFW.jpg","22/8/2023 11:50:24.-1f+00","1","0"
"68","Олег Газманов","images/artists/image_DSvm2Fv.jpg","22/8/2023 11:51:57.-1f+00","1","0"
"69","Родион Газманов","images/artists/image_smoZwGK.jpg","20/9/2023 06:07:33.-1f+00","1","0"
"70","Сергей Галанин","images/artists/image_6CY93BG.jpg","22/8/2023 11:59:51.-1f+00","1","0"
"71","Тамара Гвердцители","images/artists/image_HadE32J.jpg","22/8/2023 12:03:19.-1f+00","1","0"
"72","Алексей Глызин","images/artists/image_bbXonxv.jpg","7/10/2023 04:58:19.-1f+00","1","0"
"73","Глюк'OZA","images/artists/image_BnU3dra.jpg","23/8/2023 15:32:18.-1f+00","1","0"
"74","Григорий Лепс","images/artists/image_uwKrl0S.jpg","15/12/2023 12:38:51.-1f+00","22","0"
"75","Андрей Губин","images/artists/image_xSa99Hi.jpg","13/9/2023 07:02:02.-1f+00","1","0"
"76","Наталья Гулькина","images/artists/image_ctPoFsB.jpg","20/9/2023 11:23:40.-1f+00","1","0"
"77","Диана Гурцкая","images/artists/image_G3ickgC.jpg","24/9/2023 08:03:06.-1f+00","1","0"
"78","Гусейн Манапов","images/artists/image_VijWjR0.jpg","22/8/2023 12:19:11.-1f+00","1","0"
"79","Елена Ваенга","images/artists/image_T4Zk39Q.jpg","22/8/2023 12:21:05.-1f+00","1","0"
"80","Валерий Меладзе","images/artists/image_xDQaGw2.jpg","28/9/2023 05:03:04.-1f+00","1","0"
"81","Михаил Круг","images/artists/image_bFojRWZ.jpg","22/8/2023 12:24:17.-1f+00","1","0"
"82","Непара","images/artists/image_owIJWVl.jpg","22/8/2023 12:25:32.-1f+00","1","0"
"83","Стас Михайлов","images/artists/image_IquBhdG.jpg","19/9/2023 09:06:29.-1f+00","1","0"
"84","Тимур Темиров","images/artists/image_k0cZgq8.jpg","22/8/2023 12:29:45.-1f+00","1","0"
"85","Тимати","images/artists/image_ZPkPkZK.jpg","8/12/2023 09:50:40.-1f+00","1","0"
"86","Богдан Титомир","images/artists/image_RZoVaml.jpg","22/8/2023 12:33:12.-1f+00","1","0"
"87","Юлдуз Усманова","images/artists/image_Trn3k0N.jpg","22/8/2023 12:36:14.-1f+00","1","0"
"88","Любовь Успенская","images/artists/image_tOlRHXQ.jpg","27/11/2023 07:05:54.-1f+00","1","0"
"89","Хабиб","images/artists/image_bAzz70V.jpg","22/8/2023 12:38:53.-1f+00","1","0"
"90","Севак Ханагян","images/artists/image_pgxUGQ7.jpg","22/8/2023 12:40:46.-1f+00","1","0"
"91","Дато","images/artists/image_Rzpub66.jpg","22/8/2023 12:41:59.-1f+00","1","0"
"92","Анита Цой","images/artists/image_d5QfyDu.jpg","6/9/2023 07:44:02.-1f+00","1","0"
"93","Люся Чеботина","images/artists/image_3OvK8Nn.jpg","22/8/2023 12:45:52.-1f+00","1","0"
"94","Алексей Чумаков","images/artists/image_47yJ0eS.jpg","22/8/2023 12:46:41.-1f+00","1","0"
"95","Shaman","images/artists/image_yYP1uEe.jpg","22/8/2023 12:48:00.-1f+00","1","0"
"96","Шура","images/artists/image_mjikgss.jpg","22/8/2023 12:49:16.-1f+00","1","0"
"97","Михаил Шуфутинский","images/artists/image_vNmwMVu.jpg","23/9/2023 07:29:29.-1f+00","1","0"
"98","Сергей Лазарев","images/artists/image_zYViNKW.jpg","20/9/2023 06:39:22.-1f+00","1","0"
"99","Олег Майами","images/artists/image_W8eg3f7.jpg","24/8/2023 08:33:51.-1f+00","1","0"
"100","Горан Брегович","images/artists/image_EjTHM8L.jpg","24/8/2023 08:52:27.-1f+00","1","0"
"101","Тати","images/artists/image_3oEOfIK.jpg","24/8/2023 10:16:49.-1f+00","1","0"
"102","DJ M.E.G","images/artists/image_ztqPY59.jpg","24/8/2023 10:44:56.-1f+00","1","0"
"103","Gilles Luka","images/artists/image_MyrKpcF.jpg","24/8/2023 11:02:16.-1f+00","1","0"
"104","Нюша","images/artists/image_TX356x0.jpg","24/8/2023 14:26:21.-1f+00","1","0"
"105","Владимир Шурочкин","images/artists/image_STSlLLT.jpg","24/8/2023 15:05:17.-1f+00","1","0"
"106","Dj Alexey Romeo","images/artists/image_A0wFfGe.jpg","5/12/2023 07:26:07.-1f+00","22","0"
"107","DJ Stylezz","images/artists/image_LZB94vH.jpg","24/8/2023 15:36:49.-1f+00","1","0"
"108","Ivan KiT","images/artists/image_kzi37zH.jpg","24/8/2023 15:49:07.-1f+00","1","0"
"109","Стас Пьеха","images/artists/image_0CgXov0.jpg","25/8/2023 07:57:11.-1f+00","1","0"
"110","Митя Фомин","images/artists/image_FO2sA1d.jpg","25/8/2023 08:10:39.-1f+00","1","0"
"111","Слава","images/artists/image_sRmBVWK.jpg","25/8/2023 08:19:03.-1f+00","1","0"
"112","Graig David","images/artists/image_YklRsZD.jpg","25/8/2023 10:02:42.-1f+00","1","0"
"113","Согдиана","images/artists/image_4fm5ipd.jpg","25/8/2023 11:25:49.-1f+00","1","0"
"114","Сосо Павлиашвили","images/artists/image_iiTCLLK.jpg","25/8/2023 12:00:25.-1f+00","1","0"
"115","Ирина Патлах","images/artists/image_37h9cAC.jpg","25/8/2023 12:53:00.-1f+00","1","0"
"116","Юлия Савичева","images/artists/image_CHnpNGQ.jpg","25/8/2023 13:07:57.-1f+00","1","0"
"117","Тимур Родригез","images/artists/image_r0KmNYf.jpg","25/8/2023 13:23:43.-1f+00","1","0"
"118","Пелагея","images/artists/image_33Y6PzA.jpg","27/8/2023 12:14:06.-1f+00","1","0"
"119","МакSим","images/artists/image_ARTDO3S.jpg","28/8/2023 07:09:26.-1f+00","1","0"
"120","Кристина Орбакайте","images/artists/image_tm1N5s3.jpg","28/8/2023 07:36:23.-1f+00","1","0"
"121","Алла Пугачева","images/artists/image_l7x4uEN.jpg","28/8/2023 08:32:54.-1f+00","1","0"
"122","Катя Лель","images/artists/image_xmVFPos.jpg","28/8/2023 09:29:05.-1f+00","1","0"
"127","Дискотека Авария","images/artists/image_dVOGgwC.jpg","31/8/2023 12:38:57.-1f+00","1","0"
"123","Юрий Шатунов","images/artists/image_dX1B3Kg.jpg","28/8/2023 10:01:31.-1f+00","1","0"
"124","Игорь Саруханов","images/artists/image_c84QQOl.jpg","28/8/2023 10:19:52.-1f+00","1","0"
"125","L'One","images/artists/image_3q7vnjY.jpg","31/8/2023 09:15:31.-1f+00","1","0"
"126","Dan Balan","images/artists/image_nYMyucc.jpeg","4/11/2023 05:44:07.-1f+00","1","0"
"128","Вика Крутая","images/artists/image_R2fsGxA.jpg","31/8/2023 12:51:51.-1f+00","1","0"
"129","Батишта","images/artists/image_b2phUdq.jpg","31/8/2023 13:01:43.-1f+00","1","0"
"130","Настя Задорожная","images/artists/image_Sjd1Sru.jpg","31/8/2023 13:09:41.-1f+00","1","0"
"131","Светлана Ходченкова","images/artists/image_E2dSVBc.jpg","31/8/2023 13:15:30.-1f+00","1","0"
"132","Стас Костюшкин","images/artists/image_Vni6Nb1.jpg","1/9/2023 05:22:34.-1f+00","1","0"
"45","Brandon Stone","images/artists/image_Bm11Idz.jpeg","1/12/2023 04:41:26.-1f+00","1","0"
"133","Александр Шоуа","images/artists/image_BZB8QtU.jpg","1/9/2023 07:16:40.-1f+00","1","0"
"134","Филипп Киркоров","images/artists/image_l8BJ9eh.jpg","1/9/2023 08:28:25.-1f+00","1","0"
"135","Анна Нетребко","images/artists/image_He337GZ.jpg","1/9/2023 08:36:03.-1f+00","1","0"
"136","Павел Воля","images/artists/image_p9eNrAc.jpg","1/9/2023 08:38:59.-1f+00","1","0"
"137","Эльдар Далгатов","images/artists/image_Arlzfzq.jpg","1/9/2023 09:16:42.-1f+00","1","0"
"138","Юлианна Караулова","images/artists/image_rhRaajg.jpg","1/9/2023 09:40:01.-1f+00","1","0"
"139","Ярослав Евдокимов","images/artists/image_8sDjzJ3.jpg","2/9/2023 07:51:31.-1f+00","1","0"
"140","Сергей Дубровин","images/artists/image_UtmEQy4.jpg","2/9/2023 08:37:00.-1f+00","1","0"
"141","Любовь Шепилова","images/artists/image_dINTvyf.jpg","2/9/2023 09:16:51.-1f+00","1","0"
"142","Ринат Каримов","images/artists/image_R7KzoxQ.jpg","2/9/2023 11:27:40.-1f+00","1","0"
"143","Наташа Королева","images/artists/image_USpCxBw.jpg","2/9/2023 11:55:32.-1f+00","1","0"
"144","Сергей Глушко ( Тарзан )","images/artists/image_QUe8DIV.jpg","2/9/2023 12:10:52.-1f+00","1","0"
"145","Марина Журавлёва","images/artists/image_FsmEUjg.jpg","2/9/2023 12:34:29.-1f+00","1","0"
"146","Мари Краймбрери","images/artists/image_Pi3fXJ8.jpg","3/9/2023 06:36:14.-1f+00","1","0"
"147","Alex Davia","images/artists/image_YVnt06H.jpg","3/9/2023 06:44:51.-1f+00","1","0"
"148","Макс Корж","images/artists/image_cd30idg.jpg","3/9/2023 07:16:26.-1f+00","1","0"
"149","Лариса Долина","images/artists/image_WPcgrjV.jpg","3/9/2023 09:04:49.-1f+00","1","0"
"150","Корни","images/artists/image_r3RiJ2x.jpg","4/9/2023 10:33:36.-1f+00","1","0"
"151","Ольга Кормухина","images/artists/image_imedJgN.jpg","4/9/2023 11:00:33.-1f+00","1","0"
"152","Алексей Белов","images/artists/image_3yyGW3W.jpg","4/9/2023 11:29:06.-1f+00","1","0"
"153","Владимир Высоцкий","images/artists/image_6Mh02xG.jpg","4/9/2023 11:36:48.-1f+00","1","0"
"154","Комиссар","images/artists/image_NNhn9Cd.jpg","4/9/2023 12:03:25.-1f+00","1","0"
"155","Комбинация","images/artists/image_b0DYVOh.jpg","4/9/2023 12:37:42.-1f+00","1","0"
"156","Клава Кока","images/artists/image_iJKH042.jpg","4/9/2023 14:00:08.-1f+00","1","0"
"157","MORGENSHTERN","images/artists/image_kVxezM9.jpeg","14/12/2023 07:08:41.-1f+00","22","0"
"158","Кипелов","images/artists/image_XOi7NPn.jpg","5/9/2023 06:37:54.-1f+00","1","0"
"159","Каста","images/artists/image_G1lHh9u.jpg","5/9/2023 07:18:26.-1f+00","1","0"
"160","Kristina Si","images/artists/image_5o7zSzk.jpg","5/9/2023 07:27:29.-1f+00","1","0"
"161","Каспийский Груз","images/artists/image_86C20La.jpg","5/9/2023 07:43:44.-1f+00","1","0"
"162","Влади","images/artists/image_0qOWvfr.jpg","5/9/2023 08:00:05.-1f+00","1","0"
"163","Loc-Dog","images/artists/image_zvxnI9v.jpg","5/9/2023 08:08:58.-1f+00","1","0"
"164","Кай Метов","images/artists/image_hobLBhO.jpg","5/9/2023 08:20:26.-1f+00","1","0"
"165","Ирина Круг","images/artists/image_HmlDxrz.jpg","6/9/2023 05:27:38.-1f+00","1","0"
"166","Александр Круг","images/artists/image_SOrXGDS.jpg","6/9/2023 05:52:17.-1f+00","1","0"
"167","Ирина Дубцова","images/artists/image_simKKEe.jpg","6/9/2023 06:03:24.-1f+00","1","0"
"168","Иракли","images/artists/image_DYYcNlM.jpg","6/9/2023 06:31:59.-1f+00","1","0"
"169","Леонид Руденко","images/artists/image_YvvZ58p.jpg","27/11/2023 11:44:06.-1f+00","1","0"
"170","DJ Groove","images/artists/image_bUqQryo.jpg","6/9/2023 06:46:31.-1f+00","1","0"
"171","Даша Суворова","images/artists/image_zFS9wD3.jpg","6/9/2023 06:54:09.-1f+00","1","0"
"172","ST1M","images/artists/image_CYoIBXh.jpg","6/9/2023 07:04:53.-1f+00","1","0"
"173","David Vendetta","images/artists/image_dLPANp0.jpg","6/9/2023 07:15:49.-1f+00","1","0"
"174","NEL","images/artists/image_7ox3Cbn.jpg","6/9/2023 07:20:37.-1f+00","1","0"
"175","Иосиф Кобзон","images/artists/image_PUM1l02.jpg","6/9/2023 07:38:25.-1f+00","1","0"
"176","Сати Казанова","images/artists/image_QzDqBKY.jpg","6/9/2023 07:52:38.-1f+00","1","0"
"177","DJ Nejtrino","images/artists/image_I2qkvEG.jpg","6/9/2023 07:56:59.-1f+00","1","0"
"178","DJ Baur","images/artists/image_0ijsLWp.jpg","6/9/2023 07:59:43.-1f+00","1","0"
"179","Юсиф Эйвазов","images/artists/image_9SRyzaL.jpg","6/9/2023 08:17:12.-1f+00","1","0"
"180","Игорь Крутой","images/artists/image_sGbk59n.jpg","6/9/2023 08:22:01.-1f+00","1","0"
"181","Игорь Корнелюк","images/artists/image_8vf2rkd.jpg","6/9/2023 11:39:37.-1f+00","1","0"
"182","Иванушки International","images/artists/image_DjbWvHW.jpg","6/9/2023 12:08:13.-1f+00","1","0"
"183","Виктор Зинчук","images/artists/image_KPkupcq.jpg","7/9/2023 06:08:13.-1f+00","1","0"
"184","Земфира","images/artists/image_jpww9mi.jpg","7/9/2023 06:33:18.-1f+00","1","0"
"185","Звери","images/artists/image_G5B894G.jpg","7/9/2023 07:55:16.-1f+00","1","0"
"186","Зара","images/artists/image_JxpWF6k.jpg","7/9/2023 08:30:31.-1f+00","1","0"
"187","Жека","images/artists/image_qOcG6A0.jpg","7/9/2023 09:17:01.-1f+00","1","0"
"188","Жасмин","images/artists/image_8e5WdOK.jpg","7/9/2023 09:59:06.-1f+00","1","0"
"189","Ёлка","images/artists/image_frrqLkm.jpg","5/12/2023 04:29:33.-1f+00","1","0"
"190","Егор Крид","images/artists/image_0mowxFC.jpg","7/9/2023 11:50:24.-1f+00","1","0"
"191","Мот","images/artists/image_freEsSb.jpg","7/9/2023 12:02:25.-1f+00","1","0"
"192","Molly","images/artists/image_VZFPGdZ.jpg","7/9/2023 12:11:11.-1f+00","1","0"
"193","Евгений Кемеровский","images/artists/image_nZARzG0.jpg","8/9/2023 05:17:18.-1f+00","1","0"
"194","Ева Польна","images/artists/image_YoexTSn.jpg","8/9/2023 05:44:16.-1f+00","1","0"
"195","Другие Правила","images/artists/image_PEK1edE.jpg","8/9/2023 07:13:47.-1f+00","1","0"
"196","Дора","images/artists/image_5lPuWzU.jpg","8/9/2023 07:33:06.-1f+00","1","0"
"197","ЛСП","images/artists/image_LPwcmJa.jpg","8/9/2023 07:43:48.-1f+00","1","0"
"198","Мэйби Бэйби","images/artists/image_UGeaU1q.jpg","8/9/2023 07:53:14.-1f+00","1","0"
"204","Добраночь","images/artists/image_g1Xr3Eq.jpg","8/9/2023 12:34:21.-1f+00","1","0"
"199","Доминик Джокер","images/artists/image.jpeg","8/9/2023 08:09:23.-1f+00","1","0"
"200","Катя Кокорина","images/artists/image_VrRjmVx.jpg","8/9/2023 08:14:24.-1f+00","1","0"
"201","LIL' ARCHI","images/artists/image_4FCEIjp.jpg","8/9/2023 08:18:42.-1f+00","1","0"
"202","EDGAR","images/artists/image_NllIxNa.jpg","6/12/2023 07:26:44.-1f+00","1","0"
"203","Доктор Ватсон","images/artists/image_QZCgIT7.jpg","8/9/2023 09:36:29.-1f+00","1","0"
"205","Дмитрий Колдун","images/artists/image_u4g0xWF.jpg","9/9/2023 05:48:43.-1f+00","1","0"
"206","Игра Слов группа","images/artists/image_7m8Tukp.jpg","9/9/2023 06:37:16.-1f+00","1","0"
"207","ДиДюЛя","images/artists/image_c02HGAj.jpg","10/9/2023 06:23:48.-1f+00","1","0"
"208","Джиган","images/artists/image_Yljv9C6.jpg","10/9/2023 07:09:11.-1f+00","1","0"
"209","Денис Клявер","images/artists/image_Bu05Tni.jpg","27/11/2023 07:08:43.-1f+00","1","0"
"210","ДДТ","images/artists/image_J4CWqPs.jpg","10/9/2023 09:08:22.-1f+00","1","0"
"211","Вячеслав Добрынин","images/artists/image_Ibd39O0.jpg","10/9/2023 10:03:27.-1f+00","1","0"
"212","Виктория Дайнеко","images/artists/image_D6ZP42F.jpg","10/9/2023 11:19:29.-1f+00","1","0"
"213","Вероника Долина","images/artists/image_bS4VYsB.jpg","10/9/2023 14:20:46.-1f+00","1","0"
"214","Валерий Курас","images/artists/image_xAyAesQ.jpg","11/9/2023 05:07:01.-1f+00","1","0"
"215","Вадим Казаченко","images/artists/image_ob9TDHL.jpg","11/9/2023 05:49:41.-1f+00","1","0"
"216","Брутто","images/artists/image_VMQFXGq.jpg","11/9/2023 07:35:47.-1f+00","1","0"
"217","NILETTO","images/artists/image_NQNB5jc.jpg","11/9/2023 10:39:07.-1f+00","1","0"
"218","Рыночные Отношения","images/artists/image_qwesf8r.jpg","11/9/2023 10:40:45.-1f+00","1","0"
"219","Би-2","images/artists/image_kYpQXSA.jpg","11/9/2023 10:52:03.-1f+00","1","0"
"220","Белый Орел","images/artists/image_fbjANKm.jpg","11/9/2023 11:31:19.-1f+00","1","0"
"221","Ассаи","images/artists/image_Sudxlaw.jpg","12/9/2023 05:46:29.-1f+00","1","0"
"222","Манижа","images/artists/image_tGai1VH.jpg","12/9/2023 05:53:05.-1f+00","1","0"
"223","Иван Дорн","images/artists/image_8ZxqDIV.jpg","12/9/2023 05:55:28.-1f+00","1","0"
"224","Ария","images/artists/image_6baSfom.jpg","12/9/2023 07:32:50.-1f+00","1","0"
"225","Андрей Державин","images/artists/image_t72V9w3.jpg","13/9/2023 06:29:40.-1f+00","1","0"
"226","Рада Рай","images/artists/image_RqvB3SW.jpg","14/9/2023 07:55:03.-1f+00","1","0"
"227","Алексей Гоман","images/artists/image_Yg7gFN7.jpg","15/9/2023 06:32:26.-1f+00","1","0"
"228","Александр Звинцов","images/artists/image_nCl35Ya.jpg","15/9/2023 07:04:03.-1f+00","1","0"
"229","Александр Дюмин","images/artists/image_oGhyvnF.jpg","15/9/2023 07:28:47.-1f+00","1","0"
"230","Таня Тишинская","images/artists/image_FPshxqS.jpg","15/9/2023 07:34:24.-1f+00","1","0"
"231","Светлана Питерская","images/artists/image_vgEuIHb.jpg","15/9/2023 07:37:30.-1f+00","1","0"
"232","Анжелика Агурбаш","images/artists/image_tLgU8On.jpg","15/9/2023 08:55:29.-1f+00","1","0"
"233","Zivert","images/artists/image_9RMDrs2.jpg","15/9/2023 09:43:26.-1f+00","1","0"
"234","Наргиз","images/artists/image_ofebye1.jpg","15/9/2023 10:01:54.-1f+00","1","0"
"235","Максим Фадеев","images/artists/image_alJnKv1.jpg","15/9/2023 10:13:39.-1f+00","1","0"
"236","Владимир Кузьмин","images/artists/image_4xe5Qro.jpg","19/9/2023 05:51:14.-1f+00","1","0"
"237","Guf","images/artists/image_h5E5yIL.jpg","19/9/2023 06:47:56.-1f+00","1","0"
"238","Slim","images/artists/image_0bTs1dS.jpg","19/9/2023 07:05:05.-1f+00","1","0"
"239","Тима Белорусских","images/artists/image_Y2pPKZz.jpg","19/9/2023 08:12:36.-1f+00","1","0"
"240","Татьяна Буланова","images/artists/image_PtKSUOM.jpg","19/9/2023 08:29:40.-1f+00","1","0"
"241","Скриптонит","images/artists/image_YD0WDZ2.jpg","24/11/2023 04:09:30.-1f+00","1","0"
"242","Eminem","images/artists/image_xfpGEgR.jpg","19/9/2023 11:44:52.-1f+00","22","0"
"243","СерьГа","images/artists/image_HVYc0XR.jpg","19/9/2023 12:05:53.-1f+00","1","0"
"244","Александр Маршал","images/artists/image_xFM8CJk.jpg","19/9/2023 12:15:18.-1f+00","1","0"
"245","Эдмунд Шклярский","images/artists/image_QDzvPdu.jpg","19/9/2023 12:19:04.-1f+00","1","0"
"246","Young M.A","images/artists/image_yUmyhKg.jpg","19/9/2023 12:25:56.-1f+00","22","0"
"247","Royce Da 5'9","images/artists/image_dzMbbt7.jpg","19/9/2023 12:46:35.-1f+00","22","0"
"248","White Gold","images/artists/image_HiYZE7D.jpg","19/9/2023 12:54:13.-1f+00","22","0"
"249","Ed Sheeran","images/artists/image_fxfQkAh.jpg","15/11/2023 18:02:59.-1f+00","22","0"
"250","Juice WRLD","images/artists/image_xqylYvP.jpg","19/9/2023 17:34:11.-1f+00","22","0"
"251","Skylar Grey","images/artists/image_vBosij8.jpg","19/9/2023 17:43:57.-1f+00","22","0"
"252","Black Thought","images/artists/image_zWTqVWn.jpg","19/9/2023 17:54:06.-1f+00","22","0"
"253","Q-Tip","images/artists/image_Ym3AKKj.jpg","19/9/2023 17:56:21.-1f+00","22","0"
"254","dEnAuN","images/artists/image_twJZIOs.jpg","19/9/2023 18:01:26.-1f+00","22","0"
"255","Anderson .Paak","images/artists/image_1H5dPqU.jpg","19/9/2023 18:20:43.-1f+00","22","0"
"256","Don Toliver","images/artists/image_wDggANN.jpg","19/9/2023 18:29:00.-1f+00","22","0"
"257","Kxng Crooked","images/artists/image_ooCNNfl.jpg","19/9/2023 18:33:28.-1f+00","22","0"
"258","Joell Ortiz","images/artists/image_OtopL2u.jpg","19/9/2023 18:41:42.-1f+00","22","0"
"259","Vanotek","images/artists/image_HAoekWY.jpg","20/9/2023 10:23:53.-1f+00","22","0"
"270","D12","images/artists/image_JEjpoxN.jpg","20/9/2023 21:02:30.-1f+00","22","0"
"261","Minelli","images/artists/image_HJ2Z13d.jpg","20/9/2023 18:32:55.-1f+00","22","0"
"262","Hevito","images/artists/image_xAzdFk9.jpg","20/9/2023 18:48:20.-1f+00","22","0"
"263","Eneli","images/artists/image_cwLtiwc.jpg","20/9/2023 18:57:13.-1f+00","22","0"
"264","Dido","images/artists/image_9XeXiNk.jpg","20/9/2023 19:53:15.-1f+00","22","0"
"265","RBX","images/artists/image_dmMEmUp.jpg","20/9/2023 20:15:37.-1f+00","22","0"
"266","Sticky Fingaz","images/artists/image_4k7NELA.jpg","20/9/2023 20:19:02.-1f+00","22","0"
"267","Bizarre","images/artists/image_h8c0ATx.jpg","20/9/2023 20:41:38.-1f+00","22","0"
"268","Snoop Dogg","images/artists/image_byeLPau.jpg","20/9/2023 20:50:46.-1f+00","22","0"
"269","Dr. Dre","images/artists/image_4tBRxJz.jpg","20/9/2023 20:52:44.-1f+00","22","0"
"271","Linkin Park","images/artists/image_vqsp0Ng.jpg","20/9/2023 21:13:32.-1f+00","22","0"
"272","Beyonce","images/artists/image_6D48Smk.jpg","20/9/2023 21:22:34.-1f+00","22","0"
"273","Jay-Z","images/artists/image_cCMoObp.jpg","20/9/2023 21:25:40.-1f+00","22","0"
"274","Big Boi","images/artists/image_7j25atC.jpg","20/9/2023 21:43:22.-1f+00","22","0"
"275","Missy Elliott","images/artists/image_VobQgAV.jpg","20/9/2023 21:46:45.-1f+00","22","0"
"276","The Beatles","images/artists/image_6i5xmIu.jpg","20/9/2023 21:51:20.-1f+00","22","0"
"277","Михаил Гребенщиков","images/artists/image_gnXiu7v.jpg","21/9/2023 11:25:57.-1f+00","1","0"
"278","Sean Paul","images/artists/image_8ItgQrz.jpg","21/9/2023 18:56:42.-1f+00","22","0"
"279","Кристина Аглинц","images/artists/image_KmLz4sc.jpg","22/9/2023 05:36:46.-1f+00","1","0"
"280","Манана Гогитидзе","images/artists/image_4k9zTDp.jpg","22/9/2023 06:11:32.-1f+00","1","0"
"281","Николай Гнатюк","images/artists/image_wSIeD58.jpg","22/9/2023 06:47:51.-1f+00","1","0"
"282","Tomas N'evergreen","images/artists/image_RkSEcu6.jpg","22/9/2023 08:21:29.-1f+00","1","0"
"283","Obie Trice","images/artists/image_VfXxqHf.jpg","22/9/2023 11:42:45.-1f+00","22","0"
"284","Dina Rae","images/artists/image_QjqK0zs.jpg","22/9/2023 12:01:00.-1f+00","22","0"
"285","Nate Dogg","images/artists/image_BIdELka.jpg","22/9/2023 12:28:09.-1f+00","22","0"
"286","Hailie Jade","images/artists/image_0xt5Hdi.jpg","22/9/2023 12:29:18.-1f+00","22","0"
"287","Рем Дигга","images/artists/image_aWE8fKV.jpg","23/9/2023 05:15:37.-1f+00","1","0"
"288","Монеточка","images/artists/image_lGUzori.jpg","23/9/2023 05:21:39.-1f+00","1","0"
"289","Вадяра Блюз","images/artists/image_47wZDcw.jpeg","23/9/2023 06:46:42.-1f+00","1","0"
"290","Noize MC","images/artists/image_cIYQfXT.jpg","23/9/2023 05:39:51.-1f+00","1","0"
"291","Alyona Alyona","images/artists/image_8BSb79c.jpg","23/9/2023 05:47:26.-1f+00","1","0"
"292","Anacondaz","images/artists/image_Eu2dHLa.jpg","23/9/2023 05:52:25.-1f+00","1","0"
"293","Валерий Леонтьев","images/artists/image_M94Z1My.jpg","23/9/2023 07:44:38.-1f+00","1","0"
"294","Игорь Николаев","images/artists/image_va39MI6.jpg","23/9/2023 08:50:20.-1f+00","1","0"
"295","Ачи Пурцеладзе","images/artists/image_9MSHL2a.jpg","24/9/2023 05:39:38.-1f+00","1","0"
"297","Маргарита Позоян","images/artists/image_wZVwT7O.jpg","24/9/2023 07:21:40.-1f+00","1","0"
"325","Серёга","images/artists/image_rz2d4hw.jpg","5/10/2023 08:55:58.-1f+00","1","0"
"298","Александр Розенбаум","images/artists/image_ooktAiK.jpg","25/9/2023 10:58:51.-1f+00","1","0"
"299","Градусы","images/artists/image_mbFewQB.jpg","25/9/2023 12:05:14.-1f+00","1","0"
"300","Гости Из Будущего","images/artists/image_HVVwvxz.jpg","25/9/2023 13:09:55.-1f+00","1","0"
"301","Город 312","images/artists/image_IAYRJS5.jpg","26/9/2023 06:27:03.-1f+00","1","0"
"302","GAiNA","images/artists/image_voPiImu.jpg","26/9/2023 07:55:24.-1f+00","1","0"
"303","Воскресение","images/artists/image_fBFrzpF.jpg","26/9/2023 08:54:09.-1f+00","1","0"
"304","Воровайки","images/artists/image_IQrXixc.jpg","26/9/2023 09:54:46.-1f+00","1","0"
"305","Винтаж","images/artists/image_HvROKip.jpg","26/9/2023 12:19:59.-1f+00","1","0"
"326","Toto Cutugno","images/artists/image_EH97bTl.jpg","5/10/2023 08:59:27.-1f+00","1","0"
"306","ВИА Гра","images/artists/image_rHJamGg.jpeg","27/9/2023 07:00:59.-1f+00","1","0"
"307","Весёлые ребята","images/artists/image_2gCXFzF.jpg","27/9/2023 12:21:21.-1f+00","1","0"
"308","ST","images/artists/image_UCQjvRe.jpg","28/9/2023 08:42:18.-1f+00","1","0"
"309","Братья Поздняковы","images/artists/image_4KPR6tH.jpg","29/9/2023 05:24:48.-1f+00","1","0"
"310","Братья Грим","images/artists/image_hBWHvkR.jpg","29/9/2023 06:34:05.-1f+00","1","0"
"311","Браво","images/artists/image_G46pNf7.jpg","29/9/2023 07:33:44.-1f+00","1","0"
"312","Блестящие","images/artists/image_oK9Ryax.jpg","29/9/2023 10:19:39.-1f+00","1","0"
"313","Arash","images/artists/image_luDttBp.jpg","29/9/2023 10:27:02.-1f+00","1","0"
"314","DJ Smash","images/artists/image_WLwzsbT.jpg","30/9/2023 06:39:07.-1f+00","1","0"
"315","Сплин","images/artists/image_RfrUkS1.jpg","1/10/2023 10:44:22.-1f+00","1","0"
"347","Елена Есенина","images/artists/image_6tyfavN.jpg","11/10/2023 11:52:07.-1f+00","1","0"
"317","Big Sean","images/artists/image_6MUuSZe.jpg","3/10/2023 12:27:58.-1f+00","22","0"
"318","Mac Miller","images/artists/image_9aQ6LyK.jpg","3/10/2023 13:05:41.-1f+00","22","0"
"319","Nathan Sykes","images/artists/image_P8OhJc7.jpg","3/10/2023 13:22:49.-1f+00","22","0"
"320","Iggy Azalea","images/artists/image_ZsGrTQi.jpg","3/10/2023 21:23:24.-1f+00","22","0"
"321","Сергей Бобунец","images/artists/image_sOpLOLU.jpg","4/10/2023 04:54:43.-1f+00","1","0"
"322","Смоки Мо","images/artists/image_FOaO2Ao.jpg","4/10/2023 05:42:39.-1f+00","1","0"
"323","Светлана Лазарева","images/artists/image_f6rONDP.jpg","4/10/2023 12:14:32.-1f+00","1","0"
"324","Премьер-Министр","images/artists/image_BOIQ04N.jpg","5/10/2023 08:10:13.-1f+00","1","0"
"340","Диана Арбенина","images/artists/image_nKp8vRO.jpg","9/10/2023 11:27:26.-1f+00","1","0"
"327","Марина Девятова","images/artists/image_dndWk87.jpg","5/10/2023 09:47:34.-1f+00","1","0"
"328","Борис Моисеев","images/artists/image_iY4JpDT.jpg","5/10/2023 09:50:26.-1f+00","1","0"
"329","Александр Барыкин","images/artists/image_MT9oVeT.jpg","7/10/2023 04:47:49.-1f+00","1","0"
"330","Владимир Пресняков","images/artists/image_MCASHdA.jpg","7/10/2023 04:55:03.-1f+00","1","0"
"331","Мария Наумова","images/artists/image_2xHHd6z.jpg","7/10/2023 05:02:30.-1f+00","1","0"
"332","Владимир Пресняков (Старший)","images/artists/image_vhIMSv3.jpg","7/10/2023 05:59:26.-1f+00","1","0"
"333","Карандаш","images/artists/image_CG7F5eN.jpg","7/10/2023 06:46:54.-1f+00","1","0"
"334","Пицца","images/artists/image_AAtqyZL.jpg","7/10/2023 06:52:21.-1f+00","1","0"
"335","Нигатив","images/artists/image_dh7RB35.jpg","7/10/2023 07:34:03.-1f+00","1","0"
"336","Пара Нормальных","images/artists/image_0qt8L90.jpg","7/10/2023 10:50:44.-1f+00","1","0"
"337","Отпетые Мошенники","images/artists/image_OVAczbQ.jpg","7/10/2023 12:03:56.-1f+00","1","0"
"338","Карина Кокс","images/artists/image_Cky5zR6.jpg","7/10/2023 12:10:47.-1f+00","1","0"
"339","Ночные Снайперы","images/artists/image_X14xXa2.jpg","9/10/2023 10:17:12.-1f+00","1","0"
"341","Николай Носков","images/artists/image_sctCoFV.jpg","10/10/2023 04:02:19.-1f+00","1","0"
"316","Ariana Grande","images/artists/image_1JS6uVy.jpeg","10/10/2023 11:52:39.-1f+00","1","0"
"348","A$AP Ferg","images/artists/image_8x45i7y.jpg","11/10/2023 12:37:46.-1f+00","22","0"
"342","HAZИMA","images/artists/image_XRLshRx.jpeg","11/10/2023 05:37:39.-1f+00","1","0"
"343","Александр Панайотов","images/artists/image_Zgmv29E.jpg","11/10/2023 05:59:45.-1f+00","1","0"
"344","Артём Пивоваров","images/artists/image_8KzsqNG.jpg","11/10/2023 06:16:11.-1f+00","1","0"
"345","Миша Марвин","images/artists/image_cIfTT0m.jpg","11/10/2023 09:06:22.-1f+00","1","0"
"346","Миша Крупин","images/artists/image_2Ploczr.jpg","11/10/2023 09:34:50.-1f+00","1","0"
"349","Nicki Minaj","images/artists/image_v8sRtXh.jpg","20/11/2023 16:32:23.-1f+00","1","0"
"350","Lil Wayne","images/artists/image_Ue23CyZ.jpg","28/11/2023 06:38:12.-1f+00","22","0"
"351","Macy Gray","images/artists/image_0evmsf6.jpg","11/10/2023 13:57:05.-1f+00","22","0"
"352","Future","images/artists/image_LAM5w2O.jpg","11/10/2023 14:06:20.-1f+00","22","0"
"353","Многоточие","images/artists/image_QRbFT4g.jpg","12/10/2023 04:00:15.-1f+00","1","0"
"354","Машина Времени","images/artists/image_qPm8bD1.jpg","12/10/2023 07:48:09.-1f+00","1","0"
"355","Мачете","images/artists/image_KQQJpAX.jpg","13/10/2023 05:01:56.-1f+00","1","0"
"356","Pharrell Williams","images/artists/image_CIDszSM.jpg","13/10/2023 23:27:44.-1f+00","22","0"
"357","Любэ","images/artists/image_KuCBeM9.jpg","14/10/2023 06:33:33.-1f+00","1","0"
"358","Сергей Любавин","images/artists/image_2CwNzbQ.jpg","15/10/2023 06:17:35.-1f+00","1","0"
"359","Катерина Голицына","images/artists/image_nxtJPv0.jpg","15/10/2023 08:01:44.-1f+00","1","0"
"360","Лолита Милявская","images/artists/image_572tTl7.jpg","15/10/2023 11:12:12.-1f+00","1","0"
"362","Janet Jackson","images/artists/image_fEfatZ9.jpg","15/10/2023 19:24:31.-1f+00","22","0"
"363","Timbaland","images/artists/image_sJZQDdi.jpg","15/10/2023 19:53:46.-1f+00","22","0"
"365","Three 6 Mafia","images/artists/image_F2l2xWm.jpg","15/10/2023 19:56:43.-1f+00","22","0"
"366","will.i.am","images/artists/image_z6OSNB1.jpg","15/10/2023 19:57:37.-1f+00","22","0"
"367","Лев Лещенко","images/artists/image_J28ftkq.jpg","16/10/2023 09:19:27.-1f+00","1","0"
"368","Владимир Винокур","images/artists/image_cMs4Vay.jpg","17/10/2023 04:48:35.-1f+00","1","0"
"369","Сергей Мазаев","images/artists/image_IhPK6bm.jpg","18/10/2023 09:42:57.-1f+00","1","0"
"370","Сергей Зверев","images/artists/image_JVriHV2.jpg","18/10/2023 09:59:04.-1f+00","1","0"
"371","Alicia Keys","images/artists/image_7zqCrRs.jpg","18/10/2023 23:34:41.-1f+00","22","0"
"413","Liquit Walker","images/artists/image_CfIxx0j.jpg","15/11/2023 05:08:29.-1f+00","1","0"
"373","Michael Jackson","images/artists/image_R3TxNZO.jpg","19/10/2023 09:30:17.-1f+00","22","0"
"374","Юлия Проскурякова","images/artists/image_rfXS5KU.jpg","21/10/2023 07:10:31.-1f+00","1","0"
"375","Мурзилки international","images/artists/image_SX0bow3.jpg","21/10/2023 09:27:54.-1f+00","1","0"
"376","Евгений Маргулис","images/artists/image_Y7mMdLu.jpg","21/10/2023 11:28:53.-1f+00","1","0"
"377","Руки Вверх!","images/artists/image_8YOZjxF.jpg","22/10/2023 08:59:06.-1f+00","1","0"
"378","Лесоповал","images/artists/image_WFNG8kI.jpg","23/10/2023 07:02:53.-1f+00","1","0"
"379","Гарик Сукачёв","images/artists/image_bvKNDaK.jpg","25/10/2023 12:14:27.-1f+00","1","0"
"380","Любаша","images/artists/image_r7wy5sC.jpg","30/10/2023 08:31:53.-1f+00","1","0"
"381","Максим Галкин","images/artists/image_wNuiaKL.jpg","30/10/2023 08:43:50.-1f+00","1","0"
"382","Drake","images/artists/image_ifiEqu5.jpg","30/10/2023 16:24:26.-1f+00","22","0"
"383","Siara","images/artists/image_LeX9Ara.jpg","1/11/2023 11:10:37.-1f+00","22","0"
"384","Jamie Foxx","images/artists/image_koAq1oF.jpg","1/11/2023 11:16:00.-1f+00","22","0"
"385","T-Pain","images/artists/image_P5LJj5N.jpg","1/11/2023 11:30:28.-1f+00","22","0"
"386","Chris Cornell","images/artists/image_C2AwWz6.jpg","1/11/2023 11:40:39.-1f+00","22","0"
"361","Justin Timberlake","images/artists/image_W9ZeMi4.jpg","1/11/2023 11:53:44.-1f+00","22","0"
"387","Rihanna","images/artists/image_m3RGhFo.jpg","1/11/2023 12:02:51.-1f+00","22","0"
"388","Madonna","images/artists/image_x7hOwUO.jpg","1/11/2023 12:22:29.-1f+00","22","0"
"389","Esmée Denters","images/artists/image_qvhSZcq.jpg","1/11/2023 12:31:13.-1f+00","22","0"
"398","Damian Marley","images/artists/image_WWBm6XM.jpg","7/11/2023 05:53:04.-1f+00","22","0"
"364","T.I.","images/artists/image_efdfejF.jpg","1/11/2023 12:34:53.-1f+00","22","0"
"390","Matt Morris","images/artists/image_dt7l882.jpg","1/11/2023 12:44:02.-1f+00","22","0"
"391","Ciara","images/artists/image_q4sJSLM.jpg","1/11/2023 13:32:08.-1f+00","22","0"
"392","50 Cent","images/artists/image_L01NXPa.jpg","1/11/2023 16:46:21.-1f+00","22","0"
"393","Duran Duran","images/artists/image_W8bHtTb.jpg","1/11/2023 18:42:17.-1f+00","22","0"
"394","Nelly","images/artists/image_A33CV9v.jpg","1/11/2023 19:32:14.-1f+00","22","0"
"395","Александр Марцинкевич","images/artists/image_KCfKrVC.jpg","4/11/2023 06:55:54.-1f+00","1","0"
"397","Bruno Mars","images/artists/image_MbHSFqx.jpg","6/11/2023 06:24:26.-1f+00","22","0"
"399","B.o.B","images/artists/image_AHKuscz.jpg","8/11/2023 06:35:23.-1f+00","22","0"
"414","Bibi Bourelly","images/artists/image_JiFgbn8.jpg","15/11/2023 05:10:09.-1f+00","24","0"
"400","CeeLo Green","images/artists/image_P7LvsuF.jpeg","8/11/2023 07:41:30.-1f+00","22","0"
"401","Александр Малинин","images/artists/image_CoyyQs9.jpg","8/11/2023 07:55:11.-1f+00","1","0"
"372","Chris Stapleton","images/artists/image_1qxlMYa.jpg","8/11/2023 09:37:51.-1f+00","22","0"
"402","Aaliyah","images/artists/image_Gy9vnSM.jpg","9/11/2023 10:26:39.-1f+00","22","0"
"403","Jacob Banks","images/artists/image_YkM1iK9.jpg","14/11/2023 06:13:17.-1f+00","24","0"
"404","3 Doors Down","images/artists/image_TWlmoP4.jpg","14/11/2023 06:47:23.-1f+00","22","0"
"405","Avelino","images/artists/image_DPuVv2I.jpg","14/11/2023 07:12:10.-1f+00","24","0"
"406","Maroon 5","images/artists/image_RpiJEeT.jpg","14/11/2023 08:10:49.-1f+00","24","0"
"407","Сацура","images/artists/image_JSEhn47.jpg","14/11/2023 08:49:14.-1f+00","1","0"
"408","Ramil'","images/artists/image_dD0r7YN.jpg","14/11/2023 09:10:12.-1f+00","25","0"
"409","Макс Лоренс","images/artists/image_8lVjAKB.jpg","14/11/2023 09:44:33.-1f+00","1","0"
"410","Lady Antebellum","images/artists/image_W8SE3Ia.jpg","14/11/2023 09:51:03.-1f+00","24","0"
"411","Christina Aguilera","images/artists/image_UgbZJWp.jpg","14/11/2023 10:05:07.-1f+00","24","0"
"412","Bob Seger","images/artists/image_0ktUpmd.jpg","14/11/2023 10:51:36.-1f+00","22","0"
"415","Frauenarzt","images/artists/image_Y0pKYIv.jpg","15/11/2023 05:22:37.-1f+00","1","0"
"416","Seinabo Sey","images/artists/image_icCYeaF.jpg","15/11/2023 05:58:12.-1f+00","24","0"
"417","Wiz Khalifa","images/artists/image_7rmMRwF.jpg","15/11/2023 07:20:57.-1f+00","24","0"
"418","SZA","images/artists/image_8DovmGg.jpg","15/11/2023 09:03:53.-1f+00","24","0"
"419","Julia Michaels","images/artists/image_ksLRWTa.jpg","15/11/2023 09:36:51.-1f+00","24","0"
"420","Lunchmoney Lewis","images/artists/image_F9dQJND.jpg","15/11/2023 09:48:26.-1f+00","24","0"
"421","A$AP Rocky","images/artists/image_3WVVvJX.jpg","15/11/2023 10:01:30.-1f+00","24","0"
"422","Shawn Mendes","images/artists/image_k6aYbRc.jpg","15/11/2023 10:13:57.-1f+00","22","0"
"423","Kendrick Lamar","images/artists/image_6bc3qiV.jpg","15/11/2023 10:56:47.-1f+00","24","0"
"424","MACAN","images/artists/image_Y8qfD1f.jpg","15/11/2023 12:51:04.-1f+00","25","0"
"425","The Weeknd","images/artists/image_9LzDRIQ.jpeg","16/11/2023 12:30:28.-1f+00","24","0"
"426","Daft Punk","images/artists/image_ImDZWvR.jpg","15/11/2023 16:07:55.-1f+00","22","0"
"427","Lana Del Rey","images/artists/image_tRIj840.jpg","15/11/2023 16:16:51.-1f+00","22","0"
"428","Cardi B","images/artists/image_dpFbqoC.jpg","16/11/2023 04:22:16.-1f+00","24","0"
"429","Gwen Stefani","images/artists/image_qq9iDBs.jpg","16/11/2023 04:44:20.-1f+00","24","0"
"430","Camila Cabello","images/artists/image_tk70FLU.jpg","16/11/2023 06:18:05.-1f+00","22","0"
"431","Mr. Probz","images/artists/image_Q2gKtsB.jpg","16/11/2023 07:48:01.-1f+00","24","0"
"432","Justin Bieber","images/artists/image_cDc95ZK.jpg","16/11/2023 08:30:01.-1f+00","22","0"
"433","Kameron Corvet","images/artists/image_QbFDZMI.jpg","16/11/2023 08:36:14.-1f+00","24","0"
"434","Action Bronson","images/artists/image_Ia05J7a.jpg","16/11/2023 09:00:48.-1f+00","24","0"
"435","JONY","images/artists/image_yohkhYQ.jpg","16/11/2023 10:31:35.-1f+00","22","0"
"436","Zak Abel","images/artists/image_s0QLahk.jpg","16/11/2023 11:06:00.-1f+00","24","0"
"437","Xcho","images/artists/image_FXJ20Pq.jpg","16/11/2023 11:55:42.-1f+00","25","0"
"438","HammAli & Navai","images/artists/image_FAq94h5.jpg","16/11/2023 12:08:28.-1f+00","25","0"
"439","Jakone","images/artists/image_83hFvuQ.jpg","16/11/2023 12:40:47.-1f+00","25","0"
"440","A.V.G","images/artists/image_vKpqbcF.jpg","16/11/2023 12:42:19.-1f+00","25","0"
"442","Wretch 32","images/artists/image_kzqlHUZ.jpg","17/11/2023 04:56:44.-1f+00","24","0"
"443","Lionel Richie","images/artists/image_9v9DNVS.jpg","17/11/2023 05:17:04.-1f+00","24","0"
"444","Blake Shelton","images/artists/image_HBwAsfz.jpg","17/11/2023 07:21:18.-1f+00","24","0"
"445","Rasmus Seebach","images/artists/image_tjfDOD0.jpg","17/11/2023 07:40:25.-1f+00","24","0"
"446","Darius Rucker","images/artists/image_5QFYq0a.jpg","17/11/2023 08:05:31.-1f+00","24","0"
"447","Little Big Town","images/artists/image_5miVxPr.jpg","17/11/2023 08:28:28.-1f+00","24","0"
"448","Kenny Chesney","images/artists/image_sCJ3uI1.jpg","17/11/2023 08:57:03.-1f+00","24","0"
"449","Rascal Flatts","images/artists/image_eG7aZ7s.jpg","17/11/2023 09:29:23.-1f+00","24","0"
"450","Jennifer Nettles","images/artists/image_IlUQi7D.jpg","17/11/2023 09:53:50.-1f+00","24","0"
"451","Sevara Nazarkhan","images/artists/image_0N18jrS.jpg","17/11/2023 09:58:34.-1f+00","1","0"
"452","Jill Johnson","images/artists/image_ot6GLZ4.jpg","17/11/2023 10:24:05.-1f+00","24","0"
"453","Shania Twain","images/artists/image_4FOqAaZ.jpg","17/11/2023 10:42:14.-1f+00","24","0"
"454","Billy Currington","images/artists/image_bGGUJko.jpg","17/11/2023 10:56:14.-1f+00","24","0"
"455","Kenny Rodgers","images/artists/image_PQr8EEH.jpg","17/11/2023 11:07:21.-1f+00","24","0"
"456","Willie Nelson","images/artists/image_4H2sHua.jpg","17/11/2023 11:22:45.-1f+00","24","0"
"457","Jimmy Buffett","images/artists/image_OEvU1B4.jpg","17/11/2023 11:31:41.-1f+00","24","0"
"458","Pixie Lott","images/artists/image_QzvL7Ff.jpg","17/11/2023 11:44:42.-1f+00","24","0"
"475","Алёна Омаргалиева","images/artists/image_DIr5igu.jpg","22/11/2023 05:51:06.-1f+00","1","0"
"441","Khalid","images/artists/image_CNDRG2A.jpeg","20/11/2023 04:26:39.-1f+00","22","0"
"459","Toots Thielemans","images/artists/image_SLsATy7.jpg","20/11/2023 04:46:54.-1f+00","24","0"
"460","Ne-Yo","images/artists/image_v3em0ws.jpg","20/11/2023 18:31:08.-1f+00","1","0"
"461","COSMOS girls","images/artists/image_AyfKLeX.jpg","21/11/2023 04:04:58.-1f+00","22","0"
"462","MARUV","images/artists/image_019OdvN.jpg","21/11/2023 06:00:15.-1f+00","22","0"
"463","Jamala","images/artists/image_TOzz3sy.jpg","21/11/2023 06:32:22.-1f+00","22","0"
"464","Maluma","images/artists/image_VWgosMx.jpg","21/11/2023 06:38:28.-1f+00","24","0"
"465","Big Som","images/artists/image_voKFTBn.jpg","21/11/2023 06:52:41.-1f+00","22","0"
"466","HIRO","images/artists/image_thaqxE3.jpg","21/11/2023 06:54:30.-1f+00","22","0"
"467","Jaman T","images/artists/image_W5kzvQE.jpg","21/11/2023 06:56:47.-1f+00","22","0"
"468","Tanir","images/artists/image_j6hBWBU.jpg","21/11/2023 06:58:10.-1f+00","22","0"
"469","Quavo","images/artists/image_iMGygux.jpg","21/11/2023 07:18:26.-1f+00","24","0"
"470","Swae Lee","images/artists/image_UR83Ps0.jpg","21/11/2023 07:51:55.-1f+00","24","0"
"471","Anitta","images/artists/image_nzoCN5H.jpg","21/11/2023 08:19:51.-1f+00","24","0"
"472","Da Gudda Jazz","images/artists/image_de0uk7N.jpg","21/11/2023 08:22:23.-1f+00","22","0"
"500","Алёна Петровская","images/artists/image_3KKzHgy.jpg","24/11/2023 05:47:29.-1f+00","1","0"
"474","ANNA ASTI","images/artists/image_ZgCKq2T.jpg","22/11/2023 05:23:40.-1f+00","22","0"
"476","Крип-а-крип","images/artists/image_wdROB4X.jpg","22/11/2023 06:00:10.-1f+00","1","0"
"477","Лион","images/artists/image_LLJLxdQ.jpg","22/11/2023 06:07:03.-1f+00","1","0"
"478","A Boogie wit da Hoodie","images/artists/image_MBLy6Yc.jpg","22/11/2023 06:42:21.-1f+00","23","0"
"479","Chance the Rapper","images/artists/image_otRjWtl.jpg","22/11/2023 06:46:28.-1f+00","23","0"
"480","Dave","images/artists/image_VEC01gu.jpg","22/11/2023 06:48:00.-1f+00","23","0"
"481","Ella Mai","images/artists/image_QLtY2aa.jpg","22/11/2023 06:52:42.-1f+00","23","0"
"482","H.E.R.","images/artists/image_uAkcgaX.jpg","22/11/2023 06:54:28.-1f+00","23","0"
"483","J Hus","images/artists/image_8HHN5Jc.jpg","22/11/2023 06:56:32.-1f+00","23","0"
"484","Meek Mill","images/artists/image_E56MVU0.jpg","22/11/2023 06:58:14.-1f+00","23","0"
"485","Paulo Londra","images/artists/image_Qla9QlB.jpg","22/11/2023 07:02:59.-1f+00","23","0"
"486","PnB Rock","images/artists/image_KVhdfbC.jpg","22/11/2023 07:04:47.-1f+00","23","0"
"487","Skrillex","images/artists/image_sjESnR1.jpg","22/11/2023 07:06:41.-1f+00","23","0"
"488","Stormzy","images/artists/image_BxF8XK2.jpg","22/11/2023 07:08:03.-1f+00","23","0"
"489","Travis Scott","images/artists/image_LL2wKRo.jpg","22/11/2023 07:11:13.-1f+00","23","0"
"490","Green Grey","images/artists/image_SbAYGCM.jpg","22/11/2023 07:13:56.-1f+00","1","0"
"491","Yebba","images/artists/image_VTAv6jV.jpg","22/11/2023 07:15:02.-1f+00","23","0"
"492","Young Thug","images/artists/image_nvv4GFb.jpg","22/11/2023 07:17:22.-1f+00","23","0"
"493","Idris & Leos","images/artists/image_ebAOKnx.jpeg","27/11/2023 08:02:14.-1f+00","22","0"
"473","Бумбокс","images/artists/image_1cET4eB.jpeg","22/11/2023 08:35:18.-1f+00","1","0"
"494","Kanye West","images/artists/image_nJMvDZ6.jpg","23/11/2023 04:36:10.-1f+00","24","0"
"495","M.I.A.","images/artists/image_JKy0Qrs.jpg","23/11/2023 06:02:45.-1f+00","24","0"
"496","Young Jeezy","images/artists/image_wdlP3bB.jpg","23/11/2023 08:54:25.-1f+00","1","0"
"497","Calvin Harris","images/artists/image_us9SyWB.jpg","23/11/2023 09:23:56.-1f+00","1","0"
"498","Эрика Лундмоен","images/artists/image_I01GmMD.jpg","23/11/2023 10:44:06.-1f+00","22","0"
"499","Imagine Dragon","images/artists/image_dnANIs3.jpg","23/11/2023 13:25:40.-1f+00","1","0"
"501","OneRepublic","images/artists/image_roeojEL.jpg","24/11/2023 07:32:33.-1f+00","24","0"
"502","Cassius","images/artists/image_JKfa7Ls.jpg","24/11/2023 09:01:35.-1f+00","24","0"
"503","Peter Gabriel","images/artists/image_8hA13CB.jpg","24/11/2023 09:32:19.-1f+00","24","0"
"504","Sting","images/artists/image_7rfDuST.jpg","24/11/2023 09:34:04.-1f+00","23","0"
"505","Chris Brown","images/artists/image_M1mRckj.jpg","24/11/2023 10:27:03.-1f+00","22","0"
"506","Santigold","images/artists/image_IpSYWu1.jpg","24/11/2023 11:17:13.-1f+00","24","0"
"507","Mr Lambo","images/artists/image_JjKtxH1.jpg","24/11/2023 11:38:00.-1f+00","25","0"
"508","DOROFEEVA","images/artists/image_fgRwPSJ.jpg","25/11/2023 04:43:13.-1f+00","1","0"
"509","Luke Combs","images/artists/image_aVJr6S6.jpg","25/11/2023 05:09:27.-1f+00","24","0"
"510","ATL","images/artists/image_6SfS5dE.jpg","25/11/2023 05:30:22.-1f+00","1","0"
"511","ABBA","images/artists/image_kdyC24q.jpg","25/11/2023 06:24:48.-1f+00","1","0"
"512","Sade","images/artists/image_bCOmXju.jpg","25/11/2023 06:31:09.-1f+00","24","0"
"513","Kygo","images/artists/image_DzTMs06.jpg","25/11/2023 06:39:48.-1f+00","1","0"
"514","David Guetta","images/artists/image_YPB8z0F.jpg","25/11/2023 06:47:20.-1f+00","22","0"
"515","Cory Gunz","images/artists/image_Eu0igGZ.jpg","27/11/2023 05:11:12.-1f+00","22","0"
"516","Зомб","images/artists/image_37CASFA.jpg","27/11/2023 06:53:41.-1f+00","1","0"
"517","Kid Cudi","images/artists/image_C9GFcg4.jpg","27/11/2023 08:29:23.-1f+00","24","0"
"518","Raekwon","images/artists/image_mLvPxMk.jpg","27/11/2023 08:31:13.-1f+00","24","0"
"519","Rick Ross","images/artists/image_c6EzimR.jpg","27/11/2023 08:57:56.-1f+00","24","0"
"520","Pusha T","images/artists/image_mJ0w7Fq.jpg","27/11/2023 09:34:06.-1f+00","24","0"
"521","Swizz Beatz","images/artists/image_7JqXjoK.jpg","27/11/2023 09:35:25.-1f+00","24","0"
"522","RZA","images/artists/image_Kdb48gP.jpg","27/11/2023 09:37:40.-1f+00","24","0"
"523","John Legend","images/artists/image_wAmjV0I.jpg","27/11/2023 10:25:25.-1f+00","24","0"
"524","Dua Lipa","images/artists/image_5y5U1vP.jpg","27/11/2023 10:43:17.-1f+00","25","0"
"525","Shakira","images/artists/image_899OAj9.jpg","27/11/2023 12:50:07.-1f+00","22","0"
"526","BLACKPINK","images/artists/image_XFf7aew.jpg","27/11/2023 13:04:05.-1f+00","25","0"
"527","Mr Hudson","images/artists/image_I2vl2yd.jpg","28/11/2023 04:19:14.-1f+00","24","0"
"528","Tyler, The Creator","images/artists/image_Zbq1Hs8.jpg","28/11/2023 05:08:49.-1f+00","22","0"
"529","Mos Def","images/artists/image_avGFhRE.jpg","28/11/2023 06:22:19.-1f+00","24","0"
"530","Dj Premier","images/artists/image_itZ67eW.jpg","28/11/2023 06:37:17.-1f+00","24","0"
"531","Chris Martin","images/artists/image_hXhZwtv.jpg","28/11/2023 06:51:08.-1f+00","24","0"
"532","LOBODA","images/artists/image_j4yRFdJ.jpg","28/11/2023 06:52:53.-1f+00","1","0"
"533","Halsey","images/artists/image_kL0dJ7s.jpg","28/11/2023 08:21:09.-1f+00","24","0"
"534","Diplo","images/artists/image_bjX5Uom.jpg","28/11/2023 08:34:59.-1f+00","24","0"
"535","The Chemical Brothers","images/artists/image_s5UptNp.jpg","28/11/2023 09:16:22.-1f+00","23","0"
"536","Ludacris","images/artists/image_Mhmqmrb.jpg","28/11/2023 09:17:41.-1f+00","24","0"
"537","Martin Garrix","images/artists/image_PjrmQSf.jpg","28/11/2023 09:54:57.-1f+00","25","0"
"538","Gesaffelstein","images/artists/image_vhnhuXj.jpg","28/11/2023 12:17:09.-1f+00","22","0"
"539","LYRIQ","images/artists/image_0xh0o8Z.jpg","28/11/2023 12:22:46.-1f+00","1","0"
"540","Frank Ocean","images/artists/image_N0V1NE0.jpg","29/11/2023 04:14:13.-1f+00","24","0"
"541","Otis Redding","images/artists/image_ecdi8vc.jpg","29/11/2023 04:59:03.-1f+00","24","0"
"542","M'Dee","images/artists/image_bBv7cZ9.jpg","29/11/2023 05:11:49.-1f+00","1","0"
"543","MONATIK","images/artists/image_asAdqKx.jpg","29/11/2023 05:38:57.-1f+00","1","0"
"544","Curtis Mayfield","images/artists/image_mXE1Nip.jpg","29/11/2023 06:37:03.-1f+00","24","0"
"545","PARTYNEXTDOOR","images/artists/image_8l0zMiK.jpg","29/11/2023 07:08:07.-1f+00","24","0"
"546","Alejandro Sanz","images/artists/image_mOE3qrG.jpg","29/11/2023 07:45:41.-1f+00","22","0"
"547","Gustavo Cerati","images/artists/image_VejKwXn.jpg","29/11/2023 07:50:41.-1f+00","22","0"
"548","Syleena Johnson","images/artists/image_hEeNR4Z.jpg","29/11/2023 07:58:16.-1f+00","24","0"
"549","Mary J. Blige","images/artists/image_kChX3V5.jpg","29/11/2023 08:11:33.-1f+00","23","0"
"550","Talib Kweli","images/artists/image_roWIZwq.jpg","29/11/2023 08:47:05.-1f+00","24","0"
"551","Common","images/artists/image_Clhm5ew.jpg","29/11/2023 08:48:44.-1f+00","24","0"
"552","Twista","images/artists/image_eDQmCjs.jpg","29/11/2023 09:14:21.-1f+00","24","0"
"553","Freeway","images/artists/image_jfniyD4.jpg","29/11/2023 09:35:27.-1f+00","24","0"
"554","Santana","images/artists/image_8rOFsWC.jpg","29/11/2023 10:51:31.-1f+00","22","0"
"555","Wyclef Jean","images/artists/image_x3OkU3B.jpg","29/11/2023 10:55:20.-1f+00","22","0"
"556","Usher","images/artists/image_SmECnGG.jpg","30/11/2023 04:59:48.-1f+00","24","0"
"557","Boyz II Men","images/artists/image_57XnI5D.jpg","30/11/2023 05:10:48.-1f+00","24","0"
"558","Mariah Carey","images/artists/image_HHeUZgz.jpg","30/11/2023 05:19:12.-1f+00","24","0"
"559","Busta Rhymes","images/artists/image_cnz13rB.jpg","30/11/2023 05:27:48.-1f+00","24","0"
"560","The Band Perry","images/artists/image_GWnrYpv.jpg","30/11/2023 05:45:41.-1f+00","24","0"
"561","Jessica Jarrell","images/artists/image_qBJTRHO.jpg","30/11/2023 06:42:08.-1f+00","24","0"
"562","Sean Kingston","images/artists/image_r23szm8.jpg","30/11/2023 06:51:52.-1f+00","24","0"
"563","Jennifer Lopez","images/artists/image_ChnON5E.jpg","30/11/2023 07:08:43.-1f+00","24","0"
"564","Pitbull","images/artists/image_pIkysAz.jpg","30/11/2023 07:23:11.-1f+00","24","0"
"565","El Cata","images/artists/image_EvILrOj.jpg","30/11/2023 08:55:36.-1f+00","22","0"
"566","Татьяна Овсиенко","images/artists/image_CvTVXVn.jpg","30/11/2023 10:08:49.-1f+00","1","0"
"567","Charlie Puth","images/artists/image_rseol0A.jpg","30/11/2023 10:47:54.-1f+00","25","0"
"568","Selena Gomez","images/artists/image_6DmhNHq.jpg","30/11/2023 11:28:58.-1f+00","25","0"
"569","Dizzee Rascal","images/artists/image_cZUpUhv.jpg","30/11/2023 12:34:50.-1f+00","22","0"
"570","Kehlani","images/artists/image_zapdaLG.jpg","30/11/2023 12:44:54.-1f+00","25","0"
"571","TSOY","images/artists/image_u9jmVoj.jpg","30/11/2023 12:47:12.-1f+00","1","0"
"572","LL Cool J","images/artists/image_HOaVIai.jpg","1/12/2023 05:41:39.-1f+00","24","0"
"573","Jadakiss","images/artists/image_qh04H01.jpg","1/12/2023 05:47:19.-1f+00","24","0"
"574","Styles P","images/artists/image_ypxn3cf.jpg","1/12/2023 05:49:54.-1f+00","24","0"
"578","Billie Eilish","images/artists/image_rrIsq4p.jpg","1/12/2023 08:17:43.-1f+00","22","0"
"576","Fatboy Slim","images/artists/image_EQ6K2Zh.jpg","1/12/2023 06:31:56.-1f+00","23","0"
"577","Nicky Jam","images/artists/image_LYdP90d.jpg","1/12/2023 07:07:08.-1f+00","22","0"
"579","Эдита Пьеха","images/artists/image_959CrTa.jpg","1/12/2023 11:09:21.-1f+00","1","0"
"580","Аслан Гусейнов","images/artists/image_Ss08Cxz.jpg","1/12/2023 11:37:36.-1f+00","24","0"
"581","James Taylor","images/artists/image_72fthfF.jpg","1/12/2023 11:48:49.-1f+00","25","0"
"582","Таисия Повалий","images/artists/image_EvvYhFp.jpg","1/12/2023 11:57:16.-1f+00","1","0"
"583","София Ротару","images/artists/image_MXnZMJ2.jpg","1/12/2023 12:02:40.-1f+00","1","0"
"584","May Wave$","images/artists/image_Y0gX7xu.jpg","1/12/2023 12:03:29.-1f+00","22","0"
"585","John Mayer","images/artists/image_HQkqtKW.jpg","1/12/2023 12:40:20.-1f+00","23","0"
"586","TURAL EVEREST","images/artists/image_6eeLMa9.jpg","2/12/2023 04:03:30.-1f+00","24","0"
"587","DJ M.E.G.","images/artists/image_vTWW75a.jpg","2/12/2023 06:20:33.-1f+00","22","0"
"588","Валерий Сюткин","images/artists/image_O8QBV0t.jpg","2/12/2023 06:35:06.-1f+00","1","0"
"589","Наталья Подольская","images/artists/image_7BbtNdg.jpg","2/12/2023 06:47:46.-1f+00","1","0"
"590","Маша Распутина","images/artists/image_dxhpIgY.jpg","2/12/2023 07:34:50.-1f+00","24","0"
"591","Ленинград","images/artists/image_GXTwZWq.jpg","4/12/2023 04:16:44.-1f+00","23","0"
"592","Муслим Магомаев","images/artists/image_mWkaXw3.jpg","4/12/2023 04:37:34.-1f+00","24","0"
"593","Рома Пан","images/artists/image_RLV6e8Q.jpg","4/12/2023 07:28:24.-1f+00","1","0"
"626","Алексей Брянцев","images/artists/image_YvBoIpO.jpg","6/12/2023 09:29:08.-1f+00","1","0"
"594","Звонкий","images/artists/image_hKTu36P.jpeg","4/12/2023 07:57:27.-1f+00","1","0"
"595","Лигалайз","images/artists/image_joUBBXv.jpg","4/12/2023 09:35:55.-1f+00","1","0"
"596","The Tiger Lillies","images/artists/image_mwc4NUo.jpg","4/12/2023 12:12:53.-1f+00","23","0"
"597","Сергей Шнуров","images/artists/image_uSuG0tZ.jpg","5/12/2023 04:06:26.-1f+00","23","0"
"598","Boosin","images/artists/image_Sm3DuwQ.jpg","5/12/2023 04:23:53.-1f+00","22","0"
"599","The Hatters","images/artists/image_FZvh6Pv.jpg","5/12/2023 04:37:18.-1f+00","22","0"
"600","De La Ghetto","images/artists/image_JPx0n1d.jpg","5/12/2023 05:07:00.-1f+00","22","0"
"601","Дживан Гаспарян","images/artists/image_XMRz8h1.jpg","5/12/2023 05:44:30.-1f+00","22","0"
"602","SEREBRO","images/artists/image_bUXWJov.jpg","5/12/2023 06:01:22.-1f+00","24","0"
"603","Yellow Claw","images/artists/image_e5CAQvC.jpg","5/12/2023 06:16:25.-1f+00","24","0"
"604","Альберт Асадуллин","images/artists/image_AvRQ1Qj.jpg","5/12/2023 06:39:27.-1f+00","22","0"
"605","Никита Малинин","images/artists/image_yR3i1MC.jpg","5/12/2023 07:29:38.-1f+00","24","0"
"606","Сергей Рогожин","images/artists/image_xAX7uFK.jpg","5/12/2023 09:03:21.-1f+00","22","0"
"609","Артём Качер","images/artists/image_xG4G8cJ.jpg","5/12/2023 12:31:47.-1f+00","22","0"
"610","Xzibit","images/artists/image_kzl2yJY.jpg","6/12/2023 05:01:08.-1f+00","23","0"
"611","Nas","images/artists/image_e91f0Nn.jpg","6/12/2023 05:15:08.-1f+00","23","0"
"612","PIZZA","images/artists/image_vj0lX3V.jpg","6/12/2023 05:15:28.-1f+00","22","0"
"613","Потап и Настя","images/artists/image_SiO8mX0.jpg","6/12/2023 05:29:37.-1f+00","22","0"
"614","Boomkat","images/artists/image_4wZfI5a.jpg","6/12/2023 05:37:37.-1f+00","23","0"
"615","Rakim","images/artists/image_H6o02I9.jpg","6/12/2023 05:44:56.-1f+00","23","0"
"616","Young Zee","images/artists/image_t2wqXFl.jpg","6/12/2023 06:00:08.-1f+00","23","0"
"617","Gang Starr","images/artists/image_1VEPpJb.jpg","6/12/2023 06:08:44.-1f+00","23","0"
"618","Виктор Королёв","images/artists/image_fwGw19T.jpg","6/12/2023 07:23:25.-1f+00","1","0"
"619","Ольга Стельмах","images/artists/image_VTvDG80.jpg","6/12/2023 07:33:36.-1f+00","1","0"
"620","Юлия Волкова","images/artists/image_5aLq8wH.jpg","6/12/2023 07:38:20.-1f+00","22","0"
"621","Кира Дымов","images/artists/image_o3Xz7Oj.jpg","6/12/2023 07:40:57.-1f+00","1","0"
"622","Вика Цыганова","images/artists/image_8jTS6Q1.jpg","6/12/2023 07:46:20.-1f+00","1","0"
"623","Леонид Телешев","images/artists/image_zrTIAGr.jpg","6/12/2023 07:50:06.-1f+00","1","0"
"624","Никки Джамал","images/artists/image_xCRKPQt.jpg","6/12/2023 07:52:15.-1f+00","22","0"
"625","Dj Fisun","images/artists/image_PYh4iK0.jpg","6/12/2023 08:06:33.-1f+00","22","0"
"627","Anastacia","images/artists/image_KQY6sDT.jpg","6/12/2023 09:51:03.-1f+00","22","0"
"628","Смысловые Галлюцинации","images/artists/image_Xt38O68.jpg","6/12/2023 11:09:59.-1f+00","25","0"
"629","Миха Гам","images/artists/image_62DbJ8h.jpg","6/12/2023 12:05:51.-1f+00","22","0"
"630","Ваня Дмитриенко","images/artists/image_jMykbOU.jpg","7/12/2023 04:22:48.-1f+00","22","0"
"631","Enrique Iglesias","images/artists/image_xXnYV6v.jpg","7/12/2023 04:22:49.-1f+00","24","0"
"632","ELSEA","images/artists/image_JlV1HB8.jpg","7/12/2023 04:35:01.-1f+00","22","0"
"633","OLEYNIK","images/artists/image_KkJq4KA.jpg","7/12/2023 04:50:35.-1f+00","24","0"
"634","Мобильные Блондинки","images/artists/image_D4ezESf.jpg","7/12/2023 05:21:30.-1f+00","24","0"
"635","TARAS","images/artists/image_C3EFVL5.jpg","7/12/2023 05:29:06.-1f+00","22","0"
"636","Radu Sirbu","images/artists/image_Bjt5BwQ.jpg","7/12/2023 05:38:04.-1f+00","24","0"
"637","Rita Dakota","images/artists/image_MigJUUv.jpg","7/12/2023 06:41:11.-1f+00","23","0"
"638","Наадя","images/artists/image_4roNTmv.jpg","7/12/2023 06:51:26.-1f+00","23","0"
"639","Моральный кодекс","images/artists/image_eWqzbdO.jpg","7/12/2023 07:34:26.-1f+00","23","0"
"640","Elvira T","images/artists/image_883gwZN.jpg","7/12/2023 10:29:46.-1f+00","24","0"
"641","Лоя","images/artists/image_sZ6uBWW.jpg","7/12/2023 10:49:33.-1f+00","24","0"
"642","Юта","images/artists/image_rtVKHVD.jpg","7/12/2023 11:39:41.-1f+00","25","0"
"643","Лёша Свик","images/artists/image_nHtQ4kd.jpg","8/12/2023 04:15:46.-1f+00","22","0"
"644","Centr","images/artists/image_bHgds7e.jpg","8/12/2023 04:37:07.-1f+00","24","0"
"645","Rigos","images/artists/image_jm40Rdz.jpg","8/12/2023 04:59:05.-1f+00","24","0"
"646","ОУ74","images/artists/image_sfGuJ3A.jpg","8/12/2023 05:46:09.-1f+00","24","0"
"647","Murovei","images/artists/image_7Vwyl7p.jpg","8/12/2023 05:53:06.-1f+00","24","0"
"648","Принцип","images/artists/image_R899pH4.jpg","8/12/2023 05:59:57.-1f+00","24","0"
"649","5ПЛЮХ","images/artists/image_aSR2Wmz.jpg","8/12/2023 06:08:38.-1f+00","24","0"
"650","Arxi","images/artists/image_QyM6oUo.jpg","8/12/2023 06:09:21.-1f+00","24","0"
"651","Птаха","images/artists/image_ybE49qU.jpg","8/12/2023 07:36:57.-1f+00","24","0"
"654","Жанна Фриске","images/artists/image_O9frTgC.jpg","8/12/2023 08:48:00.-1f+00","23","0"
"655","Ян Марти","images/artists/image_oPciD7b.jpg","8/12/2023 11:12:33.-1f+00","25","0"
"652","Mary Gu","images/artists/image_25M0qkK.jpg","8/12/2023 07:53:40.-1f+00","24","0"
"653","Драгни","images/artists/image_rXexRhk.jpg","8/12/2023 08:02:10.-1f+00","24","0"
"656","JANAGA","images/artists/image_7e9rNiM.jpeg","9/12/2023 09:06:23.-1f+00","1","0"
"657","RASA","images/artists/image_g5rXIFp.jpg","9/12/2023 04:42:35.-1f+00","24","0"
"658","DJ Leonid Rudenko","images/artists/image_IZHxSp5.jpg","9/12/2023 04:45:45.-1f+00","1","0"
"659","Элджей","images/artists/image_iN5Ndwm.jpg","9/12/2023 06:19:52.-1f+00","22","0"
"660","Сливки","images/artists/image_DKLAwgo.jpg","9/12/2023 06:52:25.-1f+00","24","0"
"661","МУККА","images/artists/image_zssfmtD.jpg","9/12/2023 07:31:02.-1f+00","22","0"
"662","Три дня дождя","images/artists/image_xgaJWU4.jpg","14/12/2023 06:09:59.-1f+00","23","0"
"664","Syke Dali","images/artists/image_D2SyMYs.jpg","14/12/2023 06:26:24.-1f+00","1","0"
"665","Даня Милохин","images/artists/image_lLcnDkb.jpg","14/12/2023 06:44:07.-1f+00","22","0"
"666","Надежда Кадышева","images/artists/image_mNLePbK.jpg","14/12/2023 06:52:59.-1f+00","24","0"
"667","Masha Hima","images/artists/image_BqWkyOH.jpg","14/12/2023 07:15:59.-1f+00","23","0"
"668","ХАНЗА","images/artists/image_U4gWt6r.jpg","14/12/2023 07:18:15.-1f+00","22","0"
"669","OWEEK","images/artists/image_LEJ6f8I.jpg","14/12/2023 07:20:43.-1f+00","22","0"
"670","BLACKPINK","images/artists/image_N1jpXsm.jpg","14/12/2023 07:41:08.-1f+00","23","0"
"671","Юрий Кононов","images/artists/image_A9AUtbm.jpg","14/12/2023 07:41:54.-1f+00","1","0"
"672","Pavel Murashov","images/artists/image_aIIaghb.jpg","14/12/2023 07:52:13.-1f+00","22","0"
"673","Рекорд Оркестр","images/artists/image_HG8DFJD.jpg","14/12/2023 09:05:38.-1f+00","22","0"
"674","BTS","images/artists/image_MRN7P55.jpg","14/12/2023 09:29:08.-1f+00","23","0"
"675","Индаблэк","images/artists/image_RsNqmw9.jpg","14/12/2023 09:29:32.-1f+00","25","0"
"676","qurt","images/artists/image_DZqbd4B.jpg","14/12/2023 09:32:53.-1f+00","25","0"
"677","Скруджи","images/artists/image_T5ZsY99.jpg","14/12/2023 09:42:56.-1f+00","22","0"
"678","Антон Беляев","images/artists/image_FdmdRAO.jpg","14/12/2023 09:58:27.-1f+00","22","0"
"679","Елена Темникова","images/artists/image_HASablZ.jpg","14/12/2023 10:05:02.-1f+00","22","0"
"680","Gee Baller","images/artists/image_n6ffoH1.jpg","14/12/2023 10:07:10.-1f+00","25","0"
"681","NXN","images/artists/image_C6bHHOd.jpg","14/12/2023 10:56:20.-1f+00","22","0"
"682","Lil Pump","images/artists/image_NjzRPfi.jpg","14/12/2023 11:19:51.-1f+00","25","0"
"683","yngluv","images/artists/image_DWGCXzB.jpg","14/12/2023 11:32:03.-1f+00","22","0"
"684","[AMATORY]","images/artists/image_vQ8atE1.jpg","14/12/2023 11:53:13.-1f+00","22","0"
"685","Smokepurpp","images/artists/image_K2CpS7r.jpg","14/12/2023 12:19:25.-1f+00","25","0"
"686","Face","images/artists/image_7TAuLwJ.jpg","14/12/2023 12:20:48.-1f+00","23","0"
"687","Rio Da Yung Og","images/artists/image_4oiQcIX.jpg","14/12/2023 12:34:16.-1f+00","25","0"
"688","G4 Boyz","images/artists/image_L2pKG3N.jpg","14/12/2023 12:45:39.-1f+00","25","0"
"689","Brent Faiyaz","images/artists/image_ygIvk7c.jpg","15/12/2023 04:42:05.-1f+00","23","0"
"690","Andro","images/artists/image_Be9GlYd.jpg","15/12/2023 05:00:43.-1f+00","24","0"
"691","Andy Panda","images/artists/image_Zu9Xjmb.jpg","15/12/2023 05:10:57.-1f+00","24","0"
"692","Blago White","images/artists/image_WVjERiT.jpg","15/12/2023 05:16:45.-1f+00","24","0"
"693","Rakhim","images/artists/image_6v4ug3z.jpg","15/12/2023 05:20:53.-1f+00","24","0"
"694","The Limba","images/artists/image_sY1DC8w.jpg","15/12/2023 05:24:20.-1f+00","24","0"
"695","Polo G","images/artists/image_zLrRmo4.jpg","15/12/2023 05:33:56.-1f+00","23","0"
"696","Trippie Redd","images/artists/image_t5QeIsH.jpg","15/12/2023 05:35:48.-1f+00","23","0"
"719","Miley Cyrus","images/artists/image_SOZXfS5.jpg","15/12/2023 09:52:25.-1f+00","25","0"
"698","Konfuz","images/artists/image_rPDBV4D.jpg","15/12/2023 05:40:02.-1f+00","24","0"
"699","SUGA","images/artists/image_6XcxzNk.jpg","15/12/2023 05:44:25.-1f+00","23","0"
"700","MBAND","images/artists/image_sIZxrTA.jpg","15/12/2023 05:46:19.-1f+00","22","0"
"697","NERAK","images/artists/image_xVDKsrt.jpeg","15/12/2023 05:57:07.-1f+00","1","0"
"701","Young Scooter","images/artists/image_Dmsn1Hu.jpg","15/12/2023 06:09:30.-1f+00","23","0"
"702","OG Buda","images/artists/image_szydsxS.jpeg","15/12/2023 06:45:26.-1f+00","24","0"
"703","Yung Bans","images/artists/image_Ca5ewW8.jpg","15/12/2023 06:50:46.-1f+00","23","0"
"704","Gunna","images/artists/image_HXe8rG2.jpg","15/12/2023 07:03:11.-1f+00","23","0"
"705","Haart","images/artists/image_hyKyARh.jpg","15/12/2023 07:16:39.-1f+00","22","0"
"706","Queen","images/artists/image_IZeHPxA.jpg","15/12/2023 07:21:36.-1f+00","23","0"
"707","Мурат Тхагалегов","images/artists/image_2iE0fYQ.jpg","15/12/2023 07:31:36.-1f+00","1","0"
"708","SHAMI","images/artists/image_foHfeZx.jpg","15/12/2023 07:38:14.-1f+00","22","0"
"709","Kunteynir","images/artists/image_Pxvrses.jpg","15/12/2023 07:42:11.-1f+00","24","0"
"710","HOVO","images/artists/image_hKp8J8v.jpg","15/12/2023 07:49:51.-1f+00","22","0"
"711","TIMZ","images/artists/image_OuSL2CQ.jpg","15/12/2023 07:55:35.-1f+00","22","0"
"712","Lil Nas X","images/artists/image_xguQ66a.jpg","15/12/2023 09:15:31.-1f+00","25","0"
"713","SLAVA MARLOW","images/artists/image_1AT9usG.jpg","15/12/2023 09:19:46.-1f+00","22","0"
"714","Jack Harlow","images/artists/image_A9pguLQ.jpg","15/12/2023 09:21:37.-1f+00","25","0"
"715","Doja Cat","images/artists/image_MVehMd9.jpg","15/12/2023 09:31:25.-1f+00","25","0"
"716","Витя АК","images/artists/image_DUlpf8y.jpg","15/12/2023 09:35:23.-1f+00","22","0"
"717","Elton John","images/artists/image_DDJctCv.jpg","15/12/2023 09:35:40.-1f+00","25","0"
"718","Megan Thee Stallion","images/artists/image_MOgFa5T.jpg","15/12/2023 09:42:42.-1f+00","25","0"
"720","Cream Soda","images/artists/image_XJn9PWt.jpg","15/12/2023 09:54:09.-1f+00","24","0"
"721","Ханна","images/artists/image_7m5VFCw.jpg","15/12/2023 10:00:11.-1f+00","24","0"
"722","twenty one pilots","images/artists/image_P6RAkCe.jpg","15/12/2023 10:04:57.-1f+00","25","0"
"728","XOLIDAYBOY","images/artists/image_XzqRwDF.jpg","15/12/2023 11:25:32.-1f+00","25","0"
"724","Lizzo","images/artists/image_FyD525N.jpg","15/12/2023 10:14:08.-1f+00","24","0"
"725","Gucci Mane","images/artists/image_yg1l7SM.jpg","15/12/2023 10:48:05.-1f+00","24","0"
"726","Rammstein","images/artists/image_adL0MjL.jpg","15/12/2023 10:49:42.-1f+00","23","0"
"727","Виктор Цой","images/artists/image_xXy7SGZ.jpg","15/12/2023 11:17:19.-1f+00","25","0"
"729","ELMAN","images/artists/image_YDTAxWV.jpg","15/12/2023 12:31:14.-1f+00","22","0"
"730","Гузель Хасанова","images/artists/image_quI8NyZ.jpg","15/12/2023 12:35:53.-1f+00","22","0"
"731","masstank","images/artists/image_Grmufal.jpg","15/12/2023 12:44:14.-1f+00","22","0"
"732","DAVA","images/artists/image_K67Ya5k.jpg","15/12/2023 12:48:50.-1f+00","22","0"
"733","Женя Трофимов","images/artists/image_JbgVwFP.jpg","16/12/2023 04:11:38.-1f+00","22","0"
"734","IVAN","images/artists/image_Xxvt2f1.jpg","16/12/2023 04:35:36.-1f+00","22","0"
"735","INSTASAMKA","images/artists/image_ZTB9Txy.jpg","16/12/2023 04:55:22.-1f+00","22","0"
"736","MONEYKEN","images/artists/image_nGnxl8t.jpg","16/12/2023 05:06:33.-1f+00","22","0"
"737","Султан-Ураган","images/artists/image_2loxBZ3.jpg","16/12/2023 05:17:47.-1f+00","1","0"
"739","Лилия Шаулухова","images/artists/image_aceLa6U.jpg","16/12/2023 05:21:21.-1f+00","1","0"
"740","Азамат Биштов","images/artists/image_vRKIm6o.jpg","16/12/2023 05:22:34.-1f+00","1","0"
"741","Ислам Итляшев","images/artists/image_H5jG3pJ.jpg","16/12/2023 06:02:14.-1f+00","1","0"
"743","Rich The Kid","images/artists/image_Q8TA9qQ.jpg","18/12/2023 04:00:52.-1f+00","23","0"
"744","Анна Седокова","images/artists/image_yp2o9Vz.jpg","18/12/2023 04:05:07.-1f+00","22","0"
"745","DaBaby","images/artists/image_CkZJHMJ.jpg","18/12/2023 04:27:27.-1f+00","23","0"
"746","Lil Tjay","images/artists/image_Fmmqcbl.jpg","18/12/2023 04:40:31.-1f+00","23","0"
"747","Lil Baby","images/artists/image_1PQ9SN2.jpg","18/12/2023 04:52:32.-1f+00","23","0"
"748","Ludovico Einaudi","images/artists/image_ekgxwhX.jpg","18/12/2023 05:02:59.-1f+00","22","0"
"749","Zacari","images/artists/image_3viqQXq.jpg","18/12/2023 05:51:24.-1f+00","22","0"
"750","Victoria De Angelis","images/artists/image_tjrQVvg.jpg","18/12/2023 05:59:52.-1f+00","23","0"
"751","U2","images/artists/image_HqOeGJg.jpg","18/12/2023 06:00:01.-1f+00","22","0"
"752","Kiesza","images/artists/image_AWK0m7H.jpg","18/12/2023 06:14:46.-1f+00","23","0"
"753","Bilal","images/artists/image_33a73qq.jpg","18/12/2023 06:31:23.-1f+00","22","0"
"754","Slick Rick","images/artists/image_OJVjtsR.jpg","18/12/2023 06:36:33.-1f+00","24","0"
"755","DMX","images/artists/image_ny4tpKN.jpg","18/12/2023 06:58:45.-1f+00","24","0"
"756","Rapsody","images/artists/image_GU6nvaG.jpg","18/12/2023 07:06:37.-1f+00","22","0"
"757","Static Major","images/artists/image_sDwKX4D.jpg","18/12/2023 07:14:12.-1f+00","24","0"
"758","Brett Young","images/artists/image_17Y3xtX.jpg","18/12/2023 07:20:22.-1f+00","1","0"
"759","Magoo","images/artists/image_E87mqeC.jpg","18/12/2023 07:36:00.-1f+00","24","0"
"761","Karna.val","images/artists/image_cmG69ef.jpg","18/12/2023 08:02:14.-1f+00","22","0"
"762","ХЛЕБ","images/artists/image_FpfzWoc.jpg","18/12/2023 08:25:26.-1f+00","22","0"
"763","Little Big","images/artists/image_xbU6EJd.jpg","18/12/2023 09:24:31.-1f+00","22","0"
"764","Tommy Cash","images/artists/image_KuDCvTB.jpg","18/12/2023 09:47:12.-1f+00","22","0"
"765","Татьяна Иванова","images/artists/image_hVxUrW0.jpg","18/12/2023 10:29:16.-1f+00","23","0"
"766","Daniel Hope","images/artists/image_RRNp7YP.jpg","18/12/2023 10:33:05.-1f+00","22","0"
"767","Tank","images/artists/image_n6DGEi5.jpg","18/12/2023 10:48:42.-1f+00","24","0"
"768","Gafur","images/artists/image_mHNfinw.jpg","18/12/2023 10:51:24.-1f+00","22","0"
"769","MATRANG","images/artists/image_7aWNP90.jpg","18/12/2023 11:03:29.-1f+00","22","0"
"770","Treach","images/artists/image_gn8uk2H.jpg","18/12/2023 11:40:46.-1f+00","24","0"
"771","Coldplay","images/artists/image_hTTOh2E.jpg","18/12/2023 11:43:40.-1f+00","22","0"
"772","No Doubt","images/artists/image_a4Z2o3y.jpg","19/12/2023 04:21:37.-1f+00","22","0"
"773","R. Kelly","images/artists/image_K7QDrBV.jpg","19/12/2023 04:38:10.-1f+00","24","0"
"774","Major Lazer","images/artists/image_UX4gorn.jpg","19/12/2023 05:16:43.-1f+00","22","0"
"775","Busy Signal","images/artists/image_vK7nKtx.jpg","19/12/2023 05:18:03.-1f+00","22","0"
"776","Sir-J","images/artists/image_WjfYFbC.jpg","19/12/2023 05:26:14.-1f+00","23","0"
"777","Bounty Killer","images/artists/image_xhHctPL.jpg","19/12/2023 05:49:01.-1f+00","22","0"
"797","Сюзанна","images/artists/image_uw7F8aM.jpg","20/12/2023 05:57:22.-1f+00","22","0"
"779","Trubetskoy","images/artists/image_tczUCn8.jpg","19/12/2023 06:03:20.-1f+00","23","0"
"780","Lady Saw","images/artists/image_JmeiPTH.jpg","19/12/2023 06:05:47.-1f+00","22","0"
"781","Onyx","images/artists/image_4DhVPzo.jpg","19/12/2023 06:10:44.-1f+00","23","0"
"778","Nuteki","images/artists/image_9WFSY6A.jpeg","19/12/2023 06:14:34.-1f+00","23","0"
"782","Этери Бериашвили","images/artists/image_qwDPzjF.jpg","19/12/2023 06:31:55.-1f+00","1","0"
"783","Estelle","images/artists/image_iDV8lmI.jpg","19/12/2023 07:21:25.-1f+00","22","0"
"784","Kardinal Offishall","images/artists/image_9aqEX2q.jpg","19/12/2023 07:39:49.-1f+00","22","0"
"785","Bob Sinclar","images/artists/image_CmM6pk2.jpg","19/12/2023 08:28:30.-1f+00","24","0"
"786","Kranium","images/artists/image_uW7X0CS.jpg","19/12/2023 08:30:31.-1f+00","22","0"
"787","Chronixx","images/artists/image_2mi93Pd.jpg","19/12/2023 09:25:06.-1f+00","22","0"
"788","Roger Sanchez","images/artists/image_9tjfFx8.jpg","19/12/2023 09:34:30.-1f+00","24","0"
"789","Tarrus Riley","images/artists/image_Apbrbhh.jpg","19/12/2023 09:57:22.-1f+00","22","0"
"790","Cypress Hill","images/artists/image_rEseuf7.jpg","19/12/2023 10:24:11.-1f+00","22","0"
"791","Ron Carroll","images/artists/image_Rw04wjb.jpg","19/12/2023 11:18:47.-1f+00","24","0"
"792","U-God","images/artists/image_LSscdqb.jpg","19/12/2023 11:34:19.-1f+00","22","0"
"793","Britney Spears","images/artists/image_Y8wzu1W.jpg","20/12/2023 05:23:14.-1f+00","24","0"
"794","Jamie Lynn","images/artists/image_sgxjrmo.jpg","20/12/2023 05:30:37.-1f+00","24","0"
"795","Sabi","images/artists/image_q0q5bFC.jpg","20/12/2023 05:43:14.-1f+00","24","0"
"796","Арташ Асатрян","images/artists/image_QYoPNVa.jpg","20/12/2023 05:51:03.-1f+00","1","0"
"798","Thomas Mraz","images/artists/image_tZflf2R.jpg","20/12/2023 06:12:35.-1f+00","22","0"
"799","Ying Yang Twins","images/artists/image_An4fHGl.jpg","20/12/2023 06:18:47.-1f+00","24","0"
"800","Kelly Rowland","images/artists/image_hdjLozd.jpg","20/12/2023 07:09:50.-1f+00","24","0"
"801","Chris Willis","images/artists/image_YImvEHH.jpg","20/12/2023 07:18:04.-1f+00","24","0"
"802","Gorillaz","images/artists/image_lir6x87.jpg","20/12/2023 07:18:42.-1f+00","22","0"
"803","Fergie","images/artists/image_9Zdqv1d.jpg","20/12/2023 07:20:28.-1f+00","24","0"
"804","Akon","images/artists/image_I1rZlOY.jpg","20/12/2023 07:32:27.-1f+00","24","0"
"805","apl.de.ap","images/artists/image_jaDZbA4.jpg","20/12/2023 07:43:15.-1f+00","24","0"
"806","Dirty South","images/artists/image_zaYpZMZ.jpg","20/12/2023 07:50:48.-1f+00","24","0"
"807","Sebastian Ingrosso","images/artists/image_zAeOmrM.jpg","20/12/2023 07:53:18.-1f+00","24","0"
"808","Black Eyed Peas","images/artists/image_ti1yXOm.jpg","20/12/2023 08:00:24.-1f+00","24","0"
"809","Tocadisco","images/artists/image_ZuKJk0D.jpg","20/12/2023 08:07:32.-1f+00","24","0"
"810","Wynter Gordon","images/artists/image_aGF3MY5.jpg","20/12/2023 08:10:50.-1f+00","24","0"
"811","Makeba Riddick","images/artists/image_qkMtlMG.jpg","20/12/2023 09:14:52.-1f+00","24","0"
"812","LMFAO","images/artists/image_9rv4PRz.jpg","20/12/2023 09:24:37.-1f+00","24","0"
"813","AFROJACK","images/artists/image_4bjpGNt.jpg","20/12/2023 09:36:17.-1f+00","24","0"
"814","DJ Chuckie","images/artists/image_TFuaa1J.jpg","20/12/2023 09:42:30.-1f+00","24","0"
"815","Lil Jon","images/artists/image_qkJ4oks.jpg","20/12/2023 10:17:01.-1f+00","24","0"
"816","Артур Пирожков","images/artists/image_0e4mbZY.jpg","20/12/2023 10:17:23.-1f+00","22","0"
"817","JD Davis","images/artists/image_Cuvo9q7.jpg","20/12/2023 10:24:15.-1f+00","24","0"
"818","Steve Angello","images/artists/image_Uu5EHy4.jpg","20/12/2023 10:39:20.-1f+00","24","0"
"819","Tara McDonald","images/artists/image_vQcch41.jpg","20/12/2023 10:45:41.-1f+00","24","0"
"820","Fred Rister","images/artists/image_qAYZVQ5.jpg","20/12/2023 11:02:49.-1f+00","24","0"
"821","Stereo MC's","images/artists/image_p21TzO7.jpg","20/12/2023 11:20:27.-1f+00","24","0"
"822","Дмитрий Четвергов","images/artists/image_jN2eQm2.jpg","20/12/2023 12:34:35.-1f+00","23","0"
"823","Barbara Tucker","images/artists/image_B47zfA8.jpg","21/12/2023 04:54:06.-1f+00","24","0"
"824","GAYAZOV$ BROTHER$","images/artists/image_Ge4cHfU.jpg","21/12/2023 04:55:03.-1f+00","22","0"
"874","The Kid LAROI","images/artists/image_IiddOij.jpg","25/12/2023 10:25:25.-1f+00","25","0"
"825","David Bowie","images/artists/image_xqCROWW.jpeg","21/12/2023 05:04:42.-1f+00","24","0"
"826","Flo Rida","images/artists/image_DK2iJZp.jpg","21/12/2023 05:34:57.-1f+00","24","0"
"827","Dev","images/artists/image_F08h3I7.jpg","21/12/2023 05:53:36.-1f+00","24","0"
"828","Jennifer Hudson","images/artists/image_N0J3kqS.jpg","21/12/2023 05:59:55.-1f+00","24","0"
"829","Jessie J","images/artists/image_aOiwIKP.jpg","21/12/2023 06:02:53.-1f+00","24","0"
"830","Ласковый май","images/artists/image_UJAWRZK.jpg","21/12/2023 06:08:39.-1f+00","22","0"
"831","Sia","images/artists/image_tn8yZ0K.jpg","21/12/2023 06:08:45.-1f+00","24","0"
"832","Esthero","images/artists/image_OUKkiJk.jpg","21/12/2023 06:35:10.-1f+00","24","0"
"833","CL","images/artists/image_IQFsNwS.jpg","21/12/2023 06:42:35.-1f+00","24","0"
"834","Phife Dawg","images/artists/image_IUs2GkI.jpg","21/12/2023 06:46:12.-1f+00","24","0"
"835","Nicole Scherzinger","images/artists/image_TvFUAOp.jpg","21/12/2023 07:04:49.-1f+00","24","0"
"836","James Brown","images/artists/image_0OO1eH0.jpg","21/12/2023 07:53:50.-1f+00","24","0"
"837","Papa Roach","images/artists/image_zAyYLbm.jpg","21/12/2023 09:16:57.-1f+00","24","0"
"838","Chali 2na","images/artists/image_BxAo5O9.jpg","21/12/2023 09:26:25.-1f+00","24","0"
"839","De La Soul","images/artists/image_JDUdooR.jpg","21/12/2023 09:31:24.-1f+00","24","0"
"840","Fetty Wap","images/artists/image_5Y47631.jpg","21/12/2023 10:21:04.-1f+00","24","0"
"841","Avril Lavigne","images/artists/image_DtUaq1a.jpg","21/12/2023 10:26:16.-1f+00","22","0"
"842","Puff Daddy","images/artists/image_ueYj9nX.jpg","21/12/2023 11:23:33.-1f+00","24","0"
"843","Kelly Price","images/artists/image_4lDK9zO.jpg","21/12/2023 11:33:17.-1f+00","24","0"
"844","Redman","images/artists/image_Ms4bS1f.jpg","21/12/2023 11:41:58.-1f+00","24","0"
"845","Hurts","images/artists/image_9QR0tSs.jpg","21/12/2023 11:44:54.-1f+00","22","0"
"846","Аквариум","images/artists/image_4omHMmA.jpg","21/12/2023 11:46:26.-1f+00","25","0"
"847","Kylie Minogue","images/artists/image_Pk4eOdz.jpg","21/12/2023 12:00:06.-1f+00","22","0"
"848","Kamazz","images/artists/image_vtVG09i.jpg","22/12/2023 09:05:48.-1f+00","22","0"
"857","Brandy","images/artists/image_XzB06tp.jpg","23/12/2023 06:38:51.-1f+00","24","0"
"858","Keyshia Cole","images/artists/image_wsQFpwX.jpg","23/12/2023 06:47:48.-1f+00","24","0"
"850","Billy's Band","images/artists/image_R12Aqwm.jpg","22/12/2023 10:13:40.-1f+00","22","0"
"851","SUNSAY","images/artists/image_OxyHM2U.jpg","22/12/2023 10:58:00.-1f+00","22","0"
"852","Ольга Орлова","images/artists/image_0hInvYi.jpg","22/12/2023 11:06:50.-1f+00","25","0"
"853","Faith Evans","images/artists/image_epwV76R.jpg","23/12/2023 04:44:41.-1f+00","24","0"
"854","112","images/artists/image_NWYoRQX.jpg","23/12/2023 04:49:34.-1f+00","24","0"
"855","Kokane","images/artists/image_wmkE9Jb.jpg","23/12/2023 05:39:34.-1f+00","24","0"
"875","Tommy Lee Sparta","images/artists/image_uR9Mou5.jpg","25/12/2023 10:30:04.-1f+00","25","0"
"859","P!nk","images/artists/image_p6qcTqm.jpg","23/12/2023 08:09:18.-1f+00","1","0"
"860","Teddy Swims","images/artists/image_pTa0nfV.jpg","23/12/2023 08:34:25.-1f+00","1","0"
"861","Trey Songz","images/artists/image_0nXKdWx.jpg","25/12/2023 04:09:24.-1f+00","24","0"
"862","ЮрКисс","images/artists/image_nQtSPxd.jpg","25/12/2023 04:31:07.-1f+00","22","0"
"863","Банд'Эрос","images/artists/image_s6K45pn.jpg","25/12/2023 04:40:06.-1f+00","24","0"
"864","James Arthur","images/artists/image_CRN7TF1.jpg","25/12/2023 07:05:29.-1f+00","22","0"
"865","Мумий Тролль","images/artists/image_1MO83MB.jpg","25/12/2023 07:17:35.-1f+00","24","0"
"866","Shotty Horroh","images/artists/image_muLzp55.jpg","25/12/2023 07:36:44.-1f+00","22","0"
"867","Michael Kiwanuka","images/artists/image_Hf84EV3.jpg","25/12/2023 09:03:15.-1f+00","22","0"
"868","Cordae","images/artists/image_7FkbNTI.jpg","25/12/2023 09:10:04.-1f+00","23","0"
"869","Kwabs","images/artists/image_q7Q2jsj.jpg","25/12/2023 09:38:32.-1f+00","22","0"
"870","Adele","images/artists/image_w5H2sTj.jpg","25/12/2023 10:05:00.-1f+00","22","0"
"871","DJ Khaled","images/artists/image_ks3hX2l.jpg","25/12/2023 10:15:35.-1f+00","23","0"
"872","Roddy Ricch","images/artists/image_Pe0xBQn.jpg","25/12/2023 10:16:29.-1f+00","25","0"
"873","Bryson Tiller","images/artists/image_cQRK7TV.jpg","25/12/2023 10:17:01.-1f+00","23","0"
"877","Nina Simone","images/artists/image_CA3DCwj.jpg","25/12/2023 10:47:01.-1f+00","22","0"
"878","BANKS","images/artists/image_1WDl69Z.jpg","25/12/2023 11:04:05.-1f+00","25","0"
"879","YNW Melly","images/artists/image_quII1qx.jpg","25/12/2023 11:30:11.-1f+00","25","0"
"880","Чай Вдвоём","images/artists/image_1wFNp39.jpg","25/12/2023 11:33:08.-1f+00","24","0"
"881","Lil Duke","images/artists/image_PZYKqGU.jpg","25/12/2023 11:47:51.-1f+00","23","0"
"882","Lil Yachty","images/artists/image_F04pFPb.jpg","25/12/2023 12:01:43.-1f+00","25","0"
"883","Pi’erre Bourne","images/artists/image_puZpb91.jpg","25/12/2023 12:05:18.-1f+00","25","0"
"884","Lil Wop","images/artists/image_F9fnlzG.jpg","25/12/2023 12:28:52.-1f+00","25","0"
"885","Mariah the Scientist","images/artists/image_qW4WCvu.jpg","25/12/2023 12:36:29.-1f+00","25","0"
"886","ВИА ""Волга-Волга""","images/artists/image_oFrSenl.jpg","26/12/2023 07:50:24.-1f+00","1","0"
"889","Elley Duhé","images/artists/500x500.jpg","12/1/2024 09:21:30.-1f+00","1","0"
"893","Buju Banton","images/artists/59888213_2885297914820214_375437342044848128_n-500x500.jpg","24/1/2024 12:47:51.-1f+00","1","0"
"890","Kaleo","images/artists/Kaleo.png","16/1/2024 05:33:16.-1f+00","1","0"
"891","Kadebostany","images/artists/ab6761610000e5ebeecc6cd73ed5ccb40aad77e6.jpg","18/1/2024 13:11:24.-1f+00","1","0"
"892","Victoria Monét","images/artists/ab677762000056b82d9e0286123d08c00e494126.jpg","24/1/2024 12:39:58.-1f+00","1","0"
